{
  "namespace": "edu_featured",

  "featured_button_content": {
    "type": "panel",
    "controls": [
      {
        "button_label@common_buttons.new_ui_binding_button_label": {
          "layer": 50
        }
      }
    ]
  },

  // Button definition (used in start_screen.json)
  "featured_button@common_buttons.light_content_button": {
    "$button_content": "edu_featured.featured_button_content",
    "size": [ "100% - 2px", "100% - 2px" ],

    // Button name (for EDU will only be "button.featured_category")
    "$pressed_button_name": "button.featured_category",

    // Button text (newAndFeatured.name is defined in the resource pack)
    "$button_text": "newAndFeatured.name",

    // Required for button text to function
    "$button_text_binding_type": "none",
    "$button_binding_condition": "none",
    "$button_text_grid_collection_name": "",

    // Without this the button contents will shift down slightly when clicked
    // to simulate a button being pressed. By setting to [ 0, 0 ], the contents
    // will not move when pressed.
    "$button_pressed_offset": [ 0, 0 ],

    "property_bag": {
      "#category": "new_featured"
    }
  }
}
