{
  "format_version": "1.10.0",
  "minecraft:client_entity": {
    "description": {
      "identifier": "minecraft:player",
      "materials": {
        "default": "entity_alphatest",
        "cape": "entity_alphatest",
        "animated": "player_animated",
        "enchanted": "experience_orb"
      },

      "textures": {
        "none": "render_controllers/none",
        "enchanted": "textures/misc/enchanted_item_glint",

        "default": "textures/entity/steve",
        "cape": "textures/entity/cape_invisible",

//equipments {

//sword
        "diamond_sword": "textures/items/diamond_sword",
        "gold_sword": "textures/items/gold_sword",
        "iron_sword": "textures/items/iron_sword",
        "stone_sword": "textures/items/stone_sword",
        "wood_sword": "textures/items/wood_sword",
        "netherite_sword": "textures/items/netherite_sword",

// pickaxe
        "diamond_pickaxe": "textures/items/diamond_pickaxe",
        "iron_pickaxe": "textures/items/iron_pickaxe",
        "stone_pickaxe": "textures/items/stone_pickaxe",
        "wood_pickaxe": "textures/items/wood_pickaxe",
        "gold_pickaxe": "textures/items/gold_pickaxe",
        "netherite_pickaxe": "textures/items/netherite_pickaxe",

//axe
        "diamond_axe": "textures/items/diamond_axe",
        "iron_axe": "textures/items/iron_axe",
        "stone_axe": "textures/items/stone_axe",
        "wood_axe": "textures/items/wood_axe",
        "gold_axe": "textures/items/gold_axe",
        "netherite_axe": "textures/items/netherite_axe",

//shovel
        "diamond_shovel": "textures/items/diamond_shovel",
        "iron_shovel": "textures/items/iron_shovel",
        "stone_shovel": "textures/items/stone_shovel",
        "wood_shovel": "textures/items/wood_shovel",
        "gold_shovel": "textures/items/gold_shovel",
        "netherite_shovel": "textures/items/netherite_shovel",

// hoe
       "diamond_hoe": "textures/items/diamond_hoe",
        "iron_hoe": "textures/items/iron_hoe",
        "stone_hoe": "textures/items/stone_hoe",
        "wood_hoe": "textures/items/wood_hoe",
        "gold_hoe": "textures/items/gold_hoe",
        "netherite_hoe": "textures/items/netherite_hoe",

/*armor*/

// helmet
       "diamond_helmet": "textures/items/diamond_helmet",
        "iron_helmet": "textures/items/iron_helmet",
        "chainmail_helmet": "textures/items/chainmail_helmet",
        "leather_helmet": "textures/items/leather_helmet",
        "gold_helmet": "textures/items/gold_helmet",
        "netherite_helmet": "textures/items/netherite_helmet",
        "turtle_helmet": "textures/items/turtle_helmet",

// chestplate
       "diamond_chestplate": "textures/items/diamond_chestplate",
        "iron_chestplate": "textures/items/iron_chestplate",
        "chainmail_chestplate": "textures/items/chainmail_chestplate",
        "leather_chestplate": "textures/items/leather_chestplate",
        "gold_chestplate": "textures/items/gold_chestplate",
        "netherite_chestplate": "textures/items/netherite_chestplate",

// leggings
       "diamond_leggings": "textures/items/diamond_leggings",
        "iron_leggings": "textures/items/iron_leggings",
        "chainmail_leggings": "textures/items/chainmail_leggings",
        "leather_leggings": "textures/items/leather_leggings",
        "gold_leggings": "textures/items/gold_leggings",
        "netherite_leggings": "textures/items/netherite_leggings",

// boots
       "diamond_boots": "textures/items/diamond_boots",
        "iron_boots": "textures/items/iron_boots",
        "chainmail_boots": "textures/items/chainmail_boots",
        "leather_boots": "textures/items/leather_boots",
        "gold_boots": "textures/items/gold_boots",
        "netherite_boots": "textures/items/netherite_boots",

// armamento
        "shield": "textures/entity/shield",
        "trident": "textures/entity/trident",

/*crossbow*/
        "crossbow_stand": "textures/items/crossbow_standby",
        "crossbow_pulling_0": "textures/items/crossbow_pulling_0",
        "crossbow_pulling_1": "textures/items/crossbow_pulling_1",
        "crossbow_pulling_2": "textures/items/crossbow_pulling_2",
        "crossbow_arrow": "textures/items/crossbow_arrow",
        "crossbow_rocket": "textures/items/crossbow_firework",

/*bow*/
        "bow_stand": "textures/items/bow_standby",
        "bow_pulling_0": "textures/items/bow_pulling_0",
        "bow_pulling_1": "textures/items/bow_pulling_1",
        "bow_pulling_2": "textures/items/bow_pulling_2",

//outros
        "arrow": "textures/items/arrow",
        "snowball": "textures/items/snowball",
        "totem": "textures/items/totem",
        "lead": "textures/items/lead",
        "saddle": "textures/items/saddle",
        "flint_and_steel": "textures/items/flint_and_steel",
        "shears": "textures/items/shears",
        "experience_bottle": "textures/items/experience_bottle",
//}

//food- alimentos
        "beef": "textures/items/beef_raw",
        "cooked_beef": "textures/items/beef_cooked",

        "chicken": "textures/items/chicken_raw",
        "cooked_chicken": "textures/items/chicken_cooked",

        "porkchop": "textures/items/porkchop_raw",
        "cooked_porkchop": "textures/items/porkchop_cooked",

        "rabbit": "textures/items/rabbit_raw",
        "cooked_rabbit": "textures/items/rabbit_cooked",
        "rabbit_stew": "textures/items/rabbit_stew",

        "bread": "textures/items/bread",
        "apple": "textures/items/apple",

        "cod": "textures/items/fish_raw",
        "cooked_cod": "textures/items/fish_cooked",

        "salmon": "textures/items/fish_salmon_raw",
        "cooked_salmon": "textures/items/fish_salmon_cooked",

        "mutton": "textures/items/mutton_raw",
        "cooked_mutton": "textures/items/mutton_cooked",

        "potato": "textures/items/potato",
        "baked_potato": "textures/items/potato_baked",

        "cookie": "textures/items/cookie",

/*blocks*/

        "torch": "textures/blocks/torch_on",
        "redstone_torch": "textures/blocks/redstone_torch_on",

        "brick_block": "textures/blocks/brick",
        "cobblestone": "textures/blocks/cobblestone",
        "stone": "textures/blocks/stone",
        "dirt": "textures/blocks/dirt",
        "grass_top": "textures/blocks/grass_top",
        "grass_side": "textures/blocks/grass_side",

//ore
        "diamond_ore": "textures/blocks/diamond_ore",
        "iron_ore": "textures/blocks/iron_ore",
        "coal_ore": "textures/blocks/coal_ore",
        "emerald_ore": "textures/blocks/emerald_ore",
        "redstone_ore": "textures/blocks/redstone_ore",
        "netherite_ore": "textures/blocks/netherite_ore",
        "gold_ore": "textures/blocks/gold_ore",
        "lapis_ore": "textures/blocks/lapis_ore",

//ore blocks
        "diamond_block": "textures/blocks/diamond_block",
        "iron_block": "textures/blocks/iron_block",
        "coal_block": "textures/blocks/coal_block",
        "emerald_block": "textures/blocks/emerald_block",
        "redstone_block": "textures/blocks/redstone_block",
        "netherite_block": "textures/blocks/netherite_block",
        "gold_block": "textures/blocks/gold_block",
        "lapis_block": "textures/blocks/lapis_block",
        "glowstone": "textures/blocks/glowstone",

//ore items
        "diamond": "textures/items/diamond",
        "iron_ingot": "textures/items/iron_ingot",
        "iron_nugget": "textures/items/iron_nugget",
        "coal": "textures/items/coal",
        "emerald": "textures/items/emerald",
        "redstone": "textures/items/redstone_dust",
        "netherite_ingot": "textures/items/netherite_ingot",
        "gold_ingot": "textures/items/gold_ingot",
        "gold_nugget": "textures/items/gold_nugget",
        "lapis_lazuli": "textures/items/dye_powder_blue",
        "glowstone_dust": "textures/items/glowstone_dust",
        "gunpowder": "textures/items/gunpowder",
        "flint": "textures/items/flint",
        "quartz": "textures/items/quartz",

/*items*/
        "stick": "textures/items/stick",
        "ender_pearl": "textures/items/ender_pearl"
      },

      "geometry": {
        "default": "geometry.humanoid.custom",
        "first_person_render": "geometry.primeira.pessoa",
        "cape": "geometry.cape",
        "items": "geometry.items",
        "left_items": "geometry.left_items",
        "sword": "geometry.sword",
        "pickaxe": "geometry.pickaxe",
        "axe": "geometry.axe",
        "shovel": "geometry.shovel",
        "hoe": "geometry.hoe",

        "shield_right": "geometry.shield_right",
        "shield_left": "geometry.shield_left",

        "trident": "geometry.trident_player",
        "crossbow": "geometry.crossbow",
        "bow": "geometry.bow",

        "blocks": "geometry.block_player"
      },

      "scripts": {
        "scale": "0.9375",
        "initialize": [
          "variable.is_blinking = 0.0;",
          "variable.last_blink_time = 0.0;",
          "variable.hand_bob = 0.0;"
        ],

        "pre_animation": [
          "variable.helmet_layer_visible = 1.0;",
          "variable.leg_layer_visible = 1.0;",
          "variable.boot_layer_visible = 1.0;",
          "variable.chest_layer_visible = 1.0;",
          "variable.attack_body_rot_y = Math.sin(360*Math.sqrt(variable.attack_time)) * 5.0;",
          "variable.tcos0 = (math.cos(query.modified_distance_moved * 38.17) * query.modified_move_speed / variable.gliding_speed_value) * 57.3;",
          "variable.first_person_rotation_factor = math.sin((1 - variable.attack_time) * 180.0);",
          "variable.hand_bob = query.life_time < 0.01 ? 0.0 : variable.hand_bob + ((query.is_on_ground && query.is_alive ? math.clamp(math.sqrt(math.pow(query.position_delta(0), 2.0) + math.pow(query.position_delta(2), 2.0)), 0.0, 0.1) : 0.0) - variable.hand_bob) * 0.02;",

          "variable.map_angle = math.clamp(1 - variable.player_x_rotation / 45.1, 0.0, 1.0);",
          "variable.item_use_normalized = query.main_hand_item_use_duration / query.main_hand_item_max_duration;"
        ],

        "animate": [
          { "root": false },

          { "items_pos": true },

          { "first.person.render": "variable.is_first_person && query.swim_amount != 1.0" },

          { "right_leg_move": "!query.is_riding || query.swim_amount != 1.0" },
          { "left_leg_move": "!query.is_riding || query.swim_amount != 1.0" },

          { "right_arm_move": "query.swim_amount != 1.0 &&  !query.item_is_charged && !query.is_using_item" },
          { "left_arm_move": "query.swim_amount != 1.0 && !query.item_is_charged && !query.is_using_item" },

          "attack_rotations",
          "hand_bob",

          { "using_bow_equipped": "query.get_equipped_item_name == 'bow' && (variable.item_use_normalized > 0 && variable.item_use_normalized < 1.0)" },
          { "bow_and_arrow": "query.has_target && !variable.is_first_person" },
          { "bow_and_arrow.fp": "query.has_target && variable.is_first_person && query.get_equipped_item_name == 'bow'" },

          { "sneaking": "query.is_sneaking && !variable.is_first_person" },
          { "sneaking_fp": "query.is_sneaking && variable.is_first_person" },

          { "look_at_target": "query.swim_amount != 1.0" },
          { "look_at_target.swimming": "query.swim_amount == 1.0" },

          "holding",

          { "riding_arms": "query.is_riding" },  
          { "riding_legs": "query.is_riding" },

					{ "use_item_progress" : "(query.get_equipped_item_name != 'bow' && query.get_equipped_item_name != 'crossbow') && ( variable.use_item_interval_progress > 0.0 ) || ( variable.use_item_startup_progress > 0.0 ) && !variable.is_brandishing_spear" },

				  { "sleeping" : "query.is_sleeping && query.is_alive" },

          "cape",

				   { "swim" : "!variable.is_first_person && query.swim_amount == 1.0" },
				   { "swim.fp" : "variable.is_first_person && query.swim_amount == 1.0" },
				   { "swim.legs" : "query.swim_amount == 1.0" },
 
					 { "crossbow_hold" : "query.get_equipped_item_name == 'crossbow' && query.item_is_charged" },
					 { "crossbow_controller" : "query.get_equipped_item_name == 'crossbow' && query.item_remaining_use_duration > 0.0" },

					 { "shield_main_hand" : "query.blocking && query.get_equipped_item_name('off_hand') != 'shield' && query.get_equipped_item_name == 'shield'" },
					 { "shield_off_hand" : "query.blocking && query.get_equipped_item_name('off_hand') == 'shield'" },

          "blink",

					 { "brandish_spar" : "query.get_equipped_item_name == 'trident' && variable.item_use_normalized" }

        ]
      },
      "animations": {
        "items_pos": "animation.items.pos",

        "first.person.render": "animation.first.person.render",
               
        "right_leg_move": "animation.right.leg.move",
        "left_leg_move": "animation.left.leg.move",
        "right_arm_move": "animation.right.arm.move",
        "left_arm_move": "animation.left.arm.move",

        "attack_rotations": "animation.player.attack.rotations",

        "hand_bob": "animation.player.bob",

        "using_bow_equipped": "animation.using.bow_equipped",
        "bow_and_arrow": "animation.bow_and_arrow",
        "bow_and_arrow.fp": "animation.bow_and_arrow.fp",

        "sneaking": "animation.player.sneaking",
        "sneaking_fp": "animation.player.sneaking.fp",

        "look_at_target": "animation.look_at_target.default",
        "look_at_target.swimming": "animation.look_at_target.swimming",

        "holding": "animation.holding",

        "riding": "animation.riding",
        "riding_arms": "animation.riding.arms",
        "riding_legs": "animation.riding.legs",

        "use_item_progress": "animation.use_item_progress",

        "sleeping": "animation.player.sleeping",

        "cape": "animation.player.cape",

        "swim": "animation.player.swim",
        "swim.fp": "animation.player.swim.fp",
        "swim.legs": "animation.player.swim.legs",

        "crossbow_hold": "animation.crossbow_hold",
        "crossbow_controller": "animation.crossbow_equipped",

        "shield_main_hand": "animation.shield.main_hand",
        "shield_off_hand": "animation.shield.off_hand",

        "blink": "controller.animation.persona.blink",

        "brandish_spar": "animation.brandish_spear"
      },
      "render_controllers": [
/*ore*/ 
        { "controller.render.items.ores": true },

//items
        { "controller.render.item.torch": true },
        { "controller.render.items.others": true },

//food- alimentos
        { "controller.render.items.food": true },

//blocks
        { "controller.render.blocks": true },

//Equipments
        { "controller.render.item.helmet": true },
        { "controller.render.item.chestplate": true },
        { "controller.render.item.leggings": true },
        { "controller.render.item.boots": true },

        { "controller.render.items.equipments": true },

        { "controller.render.item.totem.right": true },
        { "controller.render.item.totem.left": true },

        { "controller.render.item.arrow.right": true },
        { "controller.render.item.arrow.left": true },

        { "controller.render.item.shield.right": true },
        { "controller.render.item.shield.left": true },
        { "controller.render.item.trident": true },
        { "controller.render.item.crossbow": true },
        { "controller.render.item.bow": true },

        { "controller.render.item.sword": true },
        { "controller.render.item.pickaxe": true },
        { "controller.render.item.axe": true },
        { "controller.render.item.hoe": true },
        { "controller.render.item.shovel": true },

//vanilla
        { "controller.render.player.first_person": "variable.is_first_person" },
        { "controller.render.player.third_person": "!variable.is_first_person && !variable.map_face_icon" },
        { "controller.render.player.map": "variable.map_face_icon" }
      ],
      "enable_attachables": true
    }
  }
}
