{
  "format_version": "1.10",
  "render_controllers": {
    "controller.render.item.bow": {
      "arrays": {
        "textures": {
          "array.bow_texture_frames": [
            "texture.bow_stand",
            "texture.bow_pulling_0",
            "texture.bow_pulling_1",
            "texture.bow_pulling_2"
          ]
        }
      },
      "geometry": "Geometry.bow",
      "materials": [ { "*": "query.is_enchanted ? material.enchanted : material.default" } ],
      "textures": [ "array.bow_texture_frames[query.get_animation_frame]", "texture.enchanted" ],
      "part_visibility": [
        { "*": "query.get_equipped_item_name == 'bow'" }
      ],
      "is_hurt_color": {
        "r": "0",
        "g": "0",
        "b": "0",
        "a": "0"
      },
      "on_fire_color": {
        "r": "0",
        "g": "0",
        "b": "0",
        "a": "0"
      }
    }
  }
}
