{
  "format_version": "1.10.0",
  "render_controllers": {
    "controller.render.item.crossbow": {
      "arrays": {
        "textures": {
          "array.crossbow_texture_frames": [
            "texture.crossbow_stand",
            "texture.crossbow_pulling_0",
            "texture.crossbow_pulling_1",
            "texture.crossbow_pulling_2",
            "texture.crossbow_arrow",
            "texture.crossbow_rocket"
          ]
        }
      },
      "geometry": "Geometry.crossbow",
      "materials": [ { "*": "query.is_enchanted ? material.enchanted : material.default" } ],
      "textures": [ "array.crossbow_texture_frames[query.get_animation_frame]", "texture.enchanted" ],
      "part_visibility": [
        { "*": "query.get_equipped_item_name == 'crossbow'" }
      ],
      "is_hurt_color": {
        "r": "0",
        "g": "0",
        "b": "0",
        "a": "0"
      },
      "on_fire_color": {
        "r": "0",
        "g": "0",
        "b": "0",
        "a": "0"
      }
    }
  }
}
