{
  "format_version": "1.16.100",
  "render_controllers": {
    "controller.render.items.equipments": {
      "geometry": "Geometry.items",
      "materials": [
        {
          "*": "material.default"
         } 
       ],
		  "arrays": {
        "textures": {
          "Array.lead": [
            "Texture.lead"
          ],
          "Array.snowball": [
            "Texture.snowball"
          ],
          "Array.saddle": [
            "Texture.saddle" 
          ],
          "Array.flint_and_steel": [ 
            "Texture.flint_and_steel" 
          ],
          "Array.shears": [ 
            "Texture.shears" 
          ],
          "Array.experience_bottle": [ 
            "Texture.experience_bottle" 
          ]
        }
      },

      "textures": [
        "query.get_equipped_item_name == 'snowball' ? Array.snowball[query.life_time * 1] : (query.get_equipped_item_name == 'lead' ? Array.lead[query.life_time * 1] : (query.get_equipped_item_name == 'saddle' ? Array.saddle[query.life_time * 1] : (query.get_equipped_item_name == 'flint_and_steel' ? Array.flint_and_steel[query.life_time * 1] : (query.get_equipped_item_name == 'shears' ? Array.shears[query.life_time * 1] : (query.get_equipped_item_name == 'experience_bottle' ? Array.experience_bottle[query.life_time * 1] : Texture.none)))))"
      ],
      "part_visibility": [
        { "*": "query.get_equipped_item_name == 'lead' || query.get_equipped_item_name == 'snowball' || query.get_equipped_item_name == 'saddle' || query.get_equipped_item_name == 'flint_and_steel' || query.get_equipped_item_name == 'shears' || query.get_equipped_item_name == 'experience_bottle'" }
      ],
      "is_hurt_color": {
        "r": "0",
        "g": "0",
        "b": "0",
        "a": "0"
      },
      "on_fire_color": {
        "r": "0",
        "g": "0",
        "b": "0",
        "a": "0"
      }
    }
  }
}
