{
  "format_version": "1.16.100",
  "render_controllers": {
    "controller.render.item.totem.right": {
      "materials": [
        {
          "*": "material.default"
         } 
       ],
      "textures": [
        "Texture.totem"
      ],
      "geometry": "Geometry.items",
      "part_visibility": [
        { "*": "query.get_equipped_item_name('main_hand') == 'totem_of_undying'" }
      ],
      "is_hurt_color": {
        "r": "0",
        "g": "0",
        "b": "0",
        "a": "0"
      },
      "on_fire_color": {
        "r": "0",
        "g": "0",
        "b": "0",
        "a": "0"
      }
    },
    "controller.render.item.totem.left": {
      "materials": [
        {
          "*": "material.default"
         } 
       ],
      "textures": [
        "Texture.totem"
      ],
      "geometry": "Geometry.left_items",
      "part_visibility": [
        { "*": "query.get_equipped_item_name('off_hand') == 'totem_of_undying'" }
      ],
      "is_hurt_color": {
        "r": "0",
        "g": "0",
        "b": "0",
        "a": "0"
      },
      "on_fire_color": {
        "r": "0",
        "g": "0",
        "b": "0",
        "a": "0"
      }
    }
  }
}
