{
  "format_version": "1.16.100",
  "render_controllers": {
    "controller.render.item.trident": {
      "geometry": "Geometry.trident",
      "materials": [
        {
          "*": "material.defaul"
         } 
       ],
      "textures": [
        "Texture.trident"
      ],
      "part_visibility": [
        { "*": "query.get_equipped_item_name == 'trident'" }
      ],
      "is_hurt_color": {
        "r": "0",
        "g": "0",
        "b": "0",
        "a": "0"
      },
      "on_fire_color": {
        "r": "0",
        "g": "0",
        "b": "0",
        "a": "0"
      }
    }
  }
}
