{
  "format_version": "1.8.0",
  "render_controllers": {
    "controller.render.em_armor_hud.chainmail_helmet": {
      "rebuild_animation_matrices": true,
      "geometry": "Geometry.helmet_rend",
      "materials": [ { "*": "Material.default" } ],
      "textures": [ "Texture.chainmail_helmet" ],
      "part_visibility": [
        { "*": "query.is_in_ui" }
      ],
      "is_hurt_color": { "a": "0.0" },
      "on_fire_color": { "a": "0.0" }
    },
    "controller.render.em_armor_hud.chainmail_chestplate": {
      "rebuild_animation_matrices": true,
      "geometry": "Geometry.chestplate_rend",
      "materials": [ { "*": "Material.default" } ],
      "textures": [ "Texture.chainmail_chestplate" ],
      "part_visibility": [
        { "*": "query.is_in_ui" }
      ],
      "is_hurt_color": { "a": "0.0" },
      "on_fire_color": { "a": "0.0" }
    },
    "controller.render.em_armor_hud.chainmail_leggings": {
      "rebuild_animation_matrices": true,
      "geometry": "Geometry.leggings_rend",
      "materials": [ { "*": "Material.default" } ],
      "textures": [ "Texture.chainmail_leggings" ],
      "part_visibility": [
        { "*": "query.is_in_ui" }
      ],
      "is_hurt_color": { "a": "0.0" },
      "on_fire_color": { "a": "0.0" }
    },
    "controller.render.em_armor_hud.chainmail_boots": {
      "rebuild_animation_matrices": true,
      "geometry": "Geometry.boots_rend",
      "materials": [ { "*": "Material.default" } ],
      "textures": [ "Texture.chainmail_boots" ],
      "part_visibility": [
        { "*": "query.is_in_ui" }
      ],
      "is_hurt_color": { "a": "0.0" },
      "on_fire_color": { "a": "0.0" }
    },
    
    "controller.render.em_armor_hud.iron_helmet": {
      "rebuild_animation_matrices": true,
      "geometry": "Geometry.helmet_rend",
      "materials": [ { "*": "Material.default" } ],
      "textures": [ "Texture.iron_helmet" ],
      "part_visibility": [
        { "*": "query.is_in_ui" }
      ],
      "is_hurt_color": { "a": "0.0" },
      "on_fire_color": { "a": "0.0" }
    },
    "controller.render.em_armor_hud.iron_chestplate": {
      "rebuild_animation_matrices": true,
      "geometry": "Geometry.chestplate_rend",
      "materials": [ { "*": "Material.default" } ],
      "textures": [ "Texture.iron_chestplate" ],
      "part_visibility": [
        { "*": "query.is_in_ui" }
      ],
      "is_hurt_color": { "a": "0.0" },
      "on_fire_color": { "a": "0.0" }
    },
    "controller.render.em_armor_hud.iron_leggings": {
      "rebuild_animation_matrices": true,
      "geometry": "Geometry.leggings_rend",
      "materials": [ { "*": "Material.default" } ],
      "textures": [ "Texture.iron_leggings" ],
      "part_visibility": [
        { "*": "query.is_in_ui" }
      ],
      "is_hurt_color": { "a": "0.0" },
      "on_fire_color": { "a": "0.0" }
    },
    "controller.render.em_armor_hud.iron_boots": {
      "rebuild_animation_matrices": true,
      "geometry": "Geometry.boots_rend",
      "materials": [ { "*": "Material.default" } ],
      "textures": [ "Texture.iron_boots" ],
      "part_visibility": [
        { "*": "query.is_in_ui" }
      ],
      "is_hurt_color": { "a": "0.0" },
      "on_fire_color": { "a": "0.0" }
    },
    
    "controller.render.em_armor_hud.diamond_helmet": {
      "rebuild_animation_matrices": true,
      "geometry": "Geometry.helmet_rend",
      "materials": [ { "*": "Material.default" } ],
      "textures": [ "Texture.diamond_helmet" ],
      "part_visibility": [
        { "*": "query.is_in_ui" }
      ],
      "is_hurt_color": { "a": "0.0" },
      "on_fire_color": { "a": "0.0" }
    },
    "controller.render.em_armor_hud.diamond_chestplate": {
      "rebuild_animation_matrices": true,
      "geometry": "Geometry.chestplate_rend",
      "materials": [ { "*": "Material.default" } ],
      "textures": [ "Texture.diamond_chestplate" ],
      "part_visibility": [
        { "*": "query.is_in_ui" }
      ],
      "is_hurt_color": { "a": "0.0" },
      "on_fire_color": { "a": "0.0" }
    },
    "controller.render.em_armor_hud.diamond_leggings": {
      "rebuild_animation_matrices": true,
      "geometry": "Geometry.leggings_rend",
      "materials": [ { "*": "Material.default" } ],
      "textures": [ "Texture.diamond_leggings" ],
      "part_visibility": [
        { "*": "query.is_in_ui" }
      ],
      "is_hurt_color": { "a": "0.0" },
      "on_fire_color": { "a": "0.0" }
    },
    "controller.render.em_armor_hud.diamond_boots": {
      "rebuild_animation_matrices": true,
      "geometry": "Geometry.boots_rend",
      "materials": [ { "*": "Material.default" } ],
      "textures": [ "Texture.diamond_boots" ],
      "part_visibility": [
        { "*": "query.is_in_ui" }
      ],
      "is_hurt_color": { "a": "0.0" },
      "on_fire_color": { "a": "0.0" }
    },
    
    "controller.render.em_armor_hud.netherite_helmet": {
      "rebuild_animation_matrices": true,
      "geometry": "Geometry.helmet_rend",
      "materials": [ { "*": "Material.default" } ],
      "textures": [ "Texture.netherite_helmet" ],
      "part_visibility": [
        { "*": "query.is_in_ui" }
      ],
      "is_hurt_color": { "a": "0.0" },
      "on_fire_color": { "a": "0.0" }
    },
    "controller.render.em_armor_hud.netherite_chestplate": {
      "rebuild_animation_matrices": true,
      "geometry": "Geometry.chestplate_rend",
      "materials": [ { "*": "Material.default" } ],
      "textures": [ "Texture.netherite_chestplate" ],
      "part_visibility": [
        { "*": "query.is_in_ui" }
      ],
      "is_hurt_color": { "a": "0.0" },
      "on_fire_color": { "a": "0.0" }
    },
    "controller.render.em_armor_hud.netherite_leggings": {
      "rebuild_animation_matrices": true,
      "geometry": "Geometry.leggings_rend",
      "materials": [ { "*": "Material.default" } ],
      "textures": [ "Texture.netherite_leggings" ],
      "part_visibility": [
        { "*": "query.is_in_ui" }
      ],
      "is_hurt_color": { "a": "0.0" },
      "on_fire_color": { "a": "0.0" }
    },
    "controller.render.em_armor_hud.netherite_boots": {
      "rebuild_animation_matrices": true,
      "geometry": "Geometry.boots_rend",
      "materials": [ { "*": "Material.default" } ],
      "textures": [ "Texture.netherite_boots" ],
      "part_visibility": [
        { "*": "query.is_in_ui" }
      ],
      "is_hurt_color": { "a": "0.0" },
      "on_fire_color": { "a": "0.0" }
    },
    
    "controller.render.em_armor_hud.gold_helmet": {
      "rebuild_animation_matrices": true,
      "geometry": "Geometry.helmet_rend",
      "materials": [ { "*": "Material.default" } ],
      "textures": [ "Texture.gold_helmet" ],
      "part_visibility": [
        { "*": "query.is_in_ui" }
      ],
      "is_hurt_color": { "a": "0.0" },
      "on_fire_color": { "a": "0.0" }
    },
    "controller.render.em_armor_hud.gold_chestplate": {
      "rebuild_animation_matrices": true,
      "geometry": "Geometry.chestplate_rend",
      "materials": [ { "*": "Material.default" } ],
      "textures": [ "Texture.gold_chestplate" ],
      "part_visibility": [
        { "*": "query.is_in_ui" }
      ],
      "is_hurt_color": { "a": "0.0" },
      "on_fire_color": { "a": "0.0" }
    },
    "controller.render.em_armor_hud.gold_leggings": {
      "rebuild_animation_matrices": true,
      "geometry": "Geometry.leggings_rend",
      "materials": [ { "*": "Material.default" } ],
      "textures": [ "Texture.gold_leggings" ],
      "part_visibility": [
        { "*": "query.is_in_ui" }
      ],
      "is_hurt_color": { "a": "0.0" },
      "on_fire_color": { "a": "0.0" }
    },
    "controller.render.em_armor_hud.gold_boots": {
      "rebuild_animation_matrices": true,
      "geometry": "Geometry.boots_rend",
      "materials": [ { "*": "Material.default" } ],
      "textures": [ "Texture.gold_boots" ],
      "part_visibility": [
        { "*": "query.is_in_ui" }
      ],
      "is_hurt_color": { "a": "0.0" },
      "on_fire_color": { "a": "0.0" }
    },
    
    "controller.render.em_armor_hud.leather_helmet": {
      "rebuild_animation_matrices": true,
      "geometry": "Geometry.helmet_rend",
      "materials": [ { "*": "Material.default" } ],
      "textures": [ "Texture.leather_helmet" ],
      "part_visibility": [
        { "*": "query.is_in_ui" }
      ],
      "is_hurt_color": { "a": "0.0" },
      "on_fire_color": { "a": "0.0" }
    },
    "controller.render.em_armor_hud.leather_chestplate": {
      "rebuild_animation_matrices": true,
      "geometry": "Geometry.chestplate_rend",
      "materials": [ { "*": "Material.default" } ],
      "textures": [ "Texture.leather_chestplate" ],
      "part_visibility": [
        { "*": "query.is_in_ui" }
      ],
      "is_hurt_color": { "a": "0.0" },
      "on_fire_color": { "a": "0.0" }
    },
    "controller.render.em_armor_hud.leather_leggings": {
      "rebuild_animation_matrices": true,
      "geometry": "Geometry.leggings_rend",
      "materials": [ { "*": "Material.default" } ],
      "textures": [ "Texture.leather_leggings" ],
      "part_visibility": [
        { "*": "query.is_in_ui" }
      ],
      "is_hurt_color": { "a": "0.0" },
      "on_fire_color": { "a": "0.0" }
    },
    "controller.render.em_armor_hud.leather_boots": {
      "rebuild_animation_matrices": true,
      "geometry": "Geometry.boots_rend",
      "materials": [ { "*": "Material.default" } ],
      "textures": [ "Texture.leather_boots" ],
      "part_visibility": [
        { "*": "query.is_in_ui" }
      ],
      "is_hurt_color": { "a": "0.0" },
      "on_fire_color": { "a": "0.0" }
    },
    
    "controller.render.em_armor_hud.elytra": {
      "rebuild_animation_matrices": true,
      "geometry": "Geometry.chestplate_rend",
      "materials": [ { "*": "Material.default" } ],
      "textures": [ "Texture.elytra" ],
      "part_visibility": [
        { "*": "query.is_in_ui" }
      ],
      "is_hurt_color": { "a": "0.0" },
      "on_fire_color": { "a": "0.0" }
    },
    
    "controller.render.em_armor_hud.turtle_helmet": {
      "rebuild_animation_matrices": true,
      "geometry": "Geometry.helmet_rend",
      "materials": [ { "*": "Material.default" } ],
      "textures": [ "Texture.turtle_helmet" ],
      "part_visibility": [
        { "*": "query.is_in_ui" }
      ],
      "is_hurt_color": { "a": "0.0" },
      "on_fire_color": { "a": "0.0" }
    }
  }
}
