{
 "format_version": "1.10",
 "render_controllers": {
  "controller.render.shield": {
   "geometry": "geometry.default",
   "materials": [
    {
     "*": "variable.is_enchanted ? material.enchanted : material.default"
    }
   ],  
   "arrays": {
    "textures": {
     "array.shield": [
      "texture.DKG_1",
      "texture.DKG_2",
      "texture.DKG_3",
      "texture.DKG_4",
      "texture.DKG_5",
      "texture.DKG_6",
      "texture.DKG_7",
      "texture.DKG_8",
      "texture.DKG_9",
      "texture.DKG_10",
      "texture.DKG_11",
      "texture.DKG_12",
      "texture.DKG_13",
      "texture.DKG_14",
      "texture.DKG_15",
      "texture.DKG_16",
      "texture.DKG_17",
      "texture.DKG_18",
      "texture.DKG_19"
     ]
    }
   },
   "textures": [
    "array.shield[(query.anim_time * 10)]",
    "texture.enchanted"
   ]
  }
 }
}