{
  "format_version": "1.16.100",
  "render_controllers": {
    "controller.render.item.boots": {
      "geometry": "Geometry.items",
      "materials": [
        {
          "*": "material.default"
         } 
       ],

      "textures": [
        "query.get_equipped_item_name == 'netherite_boots' ? Array.netherite_boots[query.life_time * 1] : (query.get_equipped_item_name == 'diamond_boots' ? Array.diamond_boots[query.life_time * 1] : (query.get_equipped_item_name == 'iron_boots' ? Array.iron_boots[query.life_time * 1] : (query.get_equipped_item_name == 'golden_boots' ? Array.gold_boots[query.life_time * 1] : (query.get_equipped_item_name == 'chainmail_boots' ? Array.chainmail_boots[query.life_time * 1] : (query.get_equipped_item_name == 'leather_boots' ? Array.leather_boots[query.life_time * 1] :Texture.none)))))"
      ],

      "part_visibility": [
        { "*": "query.get_equipped_item_name == 'netherite_boots' || query.get_equipped_item_name == 'diamond_boots' || query.get_equipped_item_name == 'golden_boots' || query.get_equipped_item_name == 'iron_boots' || query.get_equipped_item_name == 'chainmail_boots' || query.get_equipped_item_name == 'leather_boots'" }
      ],

      "is_hurt_color": {
        "r": "0",
        "g": "0",
        "b": "0",
        "a": "0"
      },
      "on_fire_color": {
        "r": "0",
        "g": "0",
        "b": "0",
        "a": "0"
      },
		  "arrays": {
        "textures": {
          "Array.netherite_boots": [
            "Texture.netherite_boots"
          ],
          "Array.diamond_boots": [
            "Texture.diamond_boots"
          ],
          "Array.iron_boots": [
            "Texture.iron_boots"
          ],
          "Array.gold_boots": [
            "Texture.gold_boots" 
          ],
          "Array.chainmail_boots": [ 
            "Texture.chainmail_boots" 
          ],
          "Array.leather_boots": [ 
            "Texture.leather_boots" 
          ]
        }
      }
    }
  }
}
