{
  "format_version": "1.16.100",
  "render_controllers": {
    "controller.render.item.chestplate": {
      "geometry": "Geometry.items",
      "materials": [
        {
          "*": "material.default"
         } 
       ],

      "textures": [
        "query.get_equipped_item_name == 'netherite_chestplate' ? Array.netherite_chestplate[query.life_time * 1] : (query.get_equipped_item_name == 'diamond_chestplate' ? Array.diamond_chestplate[query.life_time * 1] : (query.get_equipped_item_name == 'iron_chestplate' ? Array.iron_chestplate[query.life_time * 1] : (query.get_equipped_item_name == 'golden_chestplate' ? Array.gold_chestplate[query.life_time * 1] : (query.get_equipped_item_name == 'chainmail_chestplate' ? Array.chainmail_chestplate[query.life_time * 1] : (query.get_equipped_item_name == 'leather_chestplate' ? Array.leather_chestplate[query.life_time * 1] :Texture.none)))))"
      ],

      "part_visibility": [
        { "*": "query.get_equipped_item_name == 'netherite_chestplate' || query.get_equipped_item_name == 'diamond_chestplate' || query.get_equipped_item_name == 'golden_chestplate' || query.get_equipped_item_name == 'iron_chestplate' || query.get_equipped_item_name == 'chainmail_chestplate' || query.get_equipped_item_name == 'leather_chestplate'" }
      ],

      "is_hurt_color": {
        "r": "0",
        "g": "0",
        "b": "0",
        "a": "0"
      },
      "on_fire_color": {
        "r": "0",
        "g": "0",
        "b": "0",
        "a": "0"
      },
		  "arrays": {
        "textures": {
          "Array.netherite_chestplate": [
            "Texture.netherite_chestplate"
          ],
          "Array.diamond_chestplate": [
            "Texture.diamond_chestplate"
          ],
          "Array.iron_chestplate": [
            "Texture.iron_chestplate"
          ],
          "Array.gold_chestplate": [
            "Texture.gold_chestplate" 
          ],
          "Array.chainmail_chestplate": [ 
            "Texture.chainmail_chestplate" 
          ],
          "Array.leather_chestplate": [ 
            "Texture.leather_chestplate" 
          ]
        }
      }
    }
  }
}
