{
  "format_version": "1.16.100",
  "render_controllers": {
    "controller.render.item.helmet": {
      "geometry": "Geometry.items",
      "materials": [
        {
          "*": "material.default"
         } 
       ],
		  "arrays": {
        "textures": {
          "Array.netherite_helmet": [
            "Texture.netherite_helmet"
          ],
          "Array.diamond_helmet": [
            "Texture.diamond_helmet"
          ],
          "Array.iron_helmet": [
            "Texture.iron_helmet"
          ],
          "Array.gold_helmet": [
            "Texture.gold_helmet" 
          ],
          "Array.chainmail_helmet": [ 
            "Texture.chainmail_helmet" 
          ],
          "Array.leather_helmet": [ 
            "Texture.leather_helmet" 
          ],
          "Array.turtle_helmet": [ 
            "Texture.turtle_helmet" 
          ]
        }
      },

      "textures": [
        "query.get_equipped_item_name == 'netherite_helmet' ? Array.netherite_helmet[query.life_time * 1] : (query.get_equipped_item_name == 'diamond_helmet' ? Array.diamond_helmet[query.life_time * 1] : (query.get_equipped_item_name == 'iron_helmet' ? Array.iron_helmet[query.life_time * 1] : (query.get_equipped_item_name == 'golden_helmet' ? Array.gold_helmet[query.life_time * 1] : (query.get_equipped_item_name == 'chainmail_helmet' ? Array.chainmail_helmet[query.life_time * 1] : (query.get_equipped_item_name == 'leather_helmet' ? Array.leather_helmet[query.life_time * 1] : (query.get_equipped_item_name == 'turtle_helmet' ? Array.turtle_helmet[query.life_time * 1] : Texture.none))))))"
      ],

      "part_visibility": [
        { "*": "query.get_equipped_item_name == 'netherite_helmet' || query.get_equipped_item_name == 'diamond_helmet' || query.get_equipped_item_name == 'golden_helmet' || query.get_equipped_item_name == 'iron_helmet' || query.get_equipped_item_name == 'chainmail_helmet' || query.get_equipped_item_name == 'leather_helmet' || query.get_equipped_item_name == 'turtle_helmet'" }
      ],

      "is_hurt_color": {
        "r": "0",
        "g": "0",
        "b": "0",
        "a": "0"
      },
      "on_fire_color": {
        "r": "0",
        "g": "0",
        "b": "0",
        "a": "0"
      }
    }
  }
}
