{
  "format_version": "1.16.100",
  "render_controllers": {
    "controller.render.item.leggings": {
      "geometry": "Geometry.items",
      "materials": [
        {
          "*": "material.default"
         } 
       ],

      "textures": [
        "query.get_equipped_item_name == 'netherite_leggings' ? Array.netherite_leggings[query.life_time * 1] : (query.get_equipped_item_name == 'diamond_leggings' ? Array.diamond_leggings[query.life_time * 1] : (query.get_equipped_item_name == 'iron_leggings' ? Array.iron_leggings[query.life_time * 1] : (query.get_equipped_item_name == 'golden_leggings' ? Array.gold_leggings[query.life_time * 1] : (query.get_equipped_item_name == 'chainmail_leggings' ? Array.chainmail_leggings[query.life_time * 1] : (query.get_equipped_item_name == 'leather_leggings' ? Array.leather_leggings[query.life_time * 1] :Texture.none)))))"
      ],

      "part_visibility": [
        { "*": "query.get_equipped_item_name == 'netherite_leggings' || query.get_equipped_item_name == 'diamond_leggings' || query.get_equipped_item_name == 'golden_leggings' || query.get_equipped_item_name == 'iron_leggings' || query.get_equipped_item_name == 'chainmail_leggings' || query.get_equipped_item_name == 'leather_leggings'" }
      ],

      "is_hurt_color": {
        "r": "0",
        "g": "0",
        "b": "0",
        "a": "0"
      },
      "on_fire_color": {
        "r": "0",
        "g": "0",
        "b": "0",
        "a": "0"
      },
		  "arrays": {
        "textures": {
          "Array.netherite_leggings": [
            "Texture.netherite_leggings"
          ],
          "Array.diamond_leggings": [
            "Texture.diamond_leggings"
          ],
          "Array.iron_leggings": [
            "Texture.iron_leggings"
          ],
          "Array.gold_leggings": [
            "Texture.gold_leggings" 
          ],
          "Array.chainmail_leggings": [ 
            "Texture.chainmail_leggings" 
          ],
          "Array.leather_leggings": [ 
            "Texture.leather_leggings" 
          ]
        }
      }
    }
  }
}
