{"format_version":"1.10.0","particle_effect":{"description":{"identifier":"dt:hitbox","basic_render_parameters":{"material":"particles_alpha","texture":"textures/diamond_tweaks/hitbox.png"}},"components":{"minecraft:emitter_local_space":{"position":true,"rotation":true},"minecraft:emitter_rate_instant":{"num_particles":1},"minecraft:emitter_lifetime_once":{},"minecraft:emitter_shape_point":{"offset":[0,-0.5,0]},"minecraft:particle_lifetime_expression":{},"minecraft:particle_appearance_billboard":{"size":[0.5,1],"facing_camera_mode":"rotate_y","uv":{"texture_width":16,"texture_height":16,"uv":[0,0],"uv_size":[16,16]}}}}}