{"format_version":"1.10.0","particle_effect":{"events":{"stop":{"expression":"variable.stop=1;"}},"description":{"identifier":"spotti:cool","basic_render_parameters":{"material":"particles_alpha","texture":"textures/diamond_tweaks/cool.png"}},"components":{"minecraft:emitter_rate_steady":{"spawn_rate":60,"max_particles":400},"minecraft:emitter_shape_disc":{"offset":[0,6,0],"radius":6,"direction":[0,-1,0]},"minecraft:particle_lifetime_expression":{"expiration_expression":"variable.stop==1"},"minecraft:emitter_lifetime_expression":{"activation_expression":1,"expiration_expression":0},"minecraft:particle_initial_speed":5,"minecraft:particle_motion_dynamic":{"linear_acceleration":[0,-10,0],"linear_drag_coefficient":0.2},"minecraft:particle_appearance_billboard":{"size":[1,1],"facing_camera_mode":"rotate_xyz","uv":{"texture_width":2380,"texture_height":2380,"uv":[0,0],"uv_size":[2380,2380]}},"minecraft:particle_motion_collision":{"collision_drag":1,"coefficient_of_restitution":0.6,"collision_radius":1},"minecraft:emitter_lifetime_events":{"expiration_event":"stop"}}}}