{"format_version":"1.10.0","particle_effect":{"events":{"stop":{"expression":"variable.stop=1;"}},"description":{"identifier":"dt:waypoint","basic_render_parameters":{"material":"particles_alpha","texture":"textures/ui/control_white.png"}},"components":{"minecraft:emitter_local_space":{"position":false,"rotation":false},"minecraft:emitter_rate_instant":{"num_particles":1},"minecraft:emitter_lifetime_once":{},"minecraft:emitter_shape_point":{"offset":[0,0,0]},"minecraft:particle_lifetime_expression":{"expiration_expression":"variable.stop==1"},"minecraft:emitter_lifetime_expression":{"activation_expression":1,"expiration_expression":0},"minecraft:emitter_lifetime_events":{"expiration_event":"stop"},"minecraft:particle_appearance_billboard":{"size":[0.5,255],"facing_camera_mode":"rotate_y","uv":{"texture_width":16,"texture_height":16,"uv":[0,0],"uv_size":[16,16]}},"minecraft:particle_appearance_tinting":{"color":[0,1,0.75686,1]}}}}