{
    "format_version": "1.10.0",
    "minecraft:client_entity": {
        "description": {
            "identifier": "minecraft:armadillo",
            "materials": {
                "default": "armadillo",
                "health_bar": "entity_emissive_alpha"
            },
            "geometry": {
                "default": "geometry.armadillo",
                "health_bar": "geometry.health_bar"
            },
            "textures": {
                "default": "textures/entity/armadillo",
                "heart": "textures/health_bar/heart",
                "bar50": "textures/health_bar/bar/50",
                "bar49": "textures/health_bar/bar/49",
                "bar48": "textures/health_bar/bar/48",
                "bar47": "textures/health_bar/bar/47",
                "bar46": "textures/health_bar/bar/46",
                "bar45": "textures/health_bar/bar/45",
                "bar44": "textures/health_bar/bar/44",
                "bar43": "textures/health_bar/bar/43",
                "bar42": "textures/health_bar/bar/42",
                "bar41": "textures/health_bar/bar/41",
                "bar40": "textures/health_bar/bar/40",
                "bar39": "textures/health_bar/bar/39",
                "bar38": "textures/health_bar/bar/38",
                "bar37": "textures/health_bar/bar/37",
                "bar36": "textures/health_bar/bar/36",
                "bar35": "textures/health_bar/bar/35",
                "bar34": "textures/health_bar/bar/34",
                "bar33": "textures/health_bar/bar/33",
                "bar32": "textures/health_bar/bar/32",
                "bar31": "textures/health_bar/bar/31",
                "bar30": "textures/health_bar/bar/30",
                "bar29": "textures/health_bar/bar/29",
                "bar28": "textures/health_bar/bar/28",
                "bar27": "textures/health_bar/bar/27",
                "bar26": "textures/health_bar/bar/26",
                "bar25": "textures/health_bar/bar/25",
                "bar24": "textures/health_bar/bar/24",
                "bar23": "textures/health_bar/bar/23",
                "bar22": "textures/health_bar/bar/22",
                "bar21": "textures/health_bar/bar/21",
                "bar20": "textures/health_bar/bar/20",
                "bar19": "textures/health_bar/bar/19",
                "bar18": "textures/health_bar/bar/18",
                "bar17": "textures/health_bar/bar/17",
                "bar16": "textures/health_bar/bar/16",
                "bar15": "textures/health_bar/bar/15",
                "bar14": "textures/health_bar/bar/14",
                "bar13": "textures/health_bar/bar/13",
                "bar12": "textures/health_bar/bar/12",
                "bar11": "textures/health_bar/bar/11",
                "bar10": "textures/health_bar/bar/10",
                "bar09": "textures/health_bar/bar/09",
                "bar08": "textures/health_bar/bar/08",
                "bar07": "textures/health_bar/bar/07",
                "bar06": "textures/health_bar/bar/06",
                "bar05": "textures/health_bar/bar/05",
                "bar04": "textures/health_bar/bar/04",
                "bar03": "textures/health_bar/bar/03",
                "bar02": "textures/health_bar/bar/02",
                "bar01": "textures/health_bar/bar/01",
                "bar00": "textures/health_bar/bar/00",
                "font9": "textures/health_bar/font/9",
                "font8": "textures/health_bar/font/8",
                "font7": "textures/health_bar/font/7",
                "font6": "textures/health_bar/font/6",
                "font5": "textures/health_bar/font/5",
                "font4": "textures/health_bar/font/4",
                "font3": "textures/health_bar/font/3",
                "font2": "textures/health_bar/font/2",
                "font1": "textures/health_bar/font/1",
                "font0": "textures/health_bar/font/0"
            },
            "render_controllers": [
                "controller.render.armadillo",
                "controller.render.health_bar.bar",
                "controller.render.health_bar.heart",
                "controller.render.health_bar.digit1",
                "controller.render.health_bar.digit2",
                "controller.render.health_bar.digit3"
            ],
            "scripts": {
                "pre_animation": [
                    "variable.x_head_rotation = math.clamp(query.target_x_rotation, -32.5, 32.5);",
                    "variable.y_head_rotation = math.clamp(query.target_y_rotation, -22.5, 25);",
                    "variable.is_rolled_up = query.property('minecraft:armadillo_state') != 'unrolled';",
                    "variable.rolled_up_time = variable.is_rolled_up ? ((variable.rolled_up_time ?? 0.0) + query.delta_time) : 0.0;",
                    "variable.is_peeking = query.property('minecraft:armadillo_state') == 'rolled_up_peeking';",
                    "variable.is_unrolling = query.property('minecraft:armadillo_state') == 'rolled_up_unrolling';",
                    "variable.unrolling_time = variable.is_unrolling ? ((variable.unrolling_time ?? 0.0) + query.delta_time) : 0.0;",
                    "variable.use_rolled_up_model = variable.rolled_up_time >= 0.2083 && (variable.unrolling_time == 0.0 || variable.unrolling_time <= 1.25 );",
                    "variable.walking = query.modified_move_speed > 0.01 && !variable.is_rolled_up;",
                    "variable.walk_anim_time_update = query.anim_time + math.min(3.0, math.lerp(2.0, 5.0, query.modified_move_speed)) * query.delta_time;",
                    "v.health_bar_position = q.is_baby ? 16 : 14;",
                    "v.health_bar_scale = q.model_scale;"
                ],
                "animate": [
                    "look_at_target_controller",
                    "walk_controller",
                    "roll_up_controller",
                    "health_bar"
                ],
                "should_update_effects_offscreen": "1.0"
            },
            "animations": {
                "look_at_target": "animation.armadillo.look_at_target",
                "look_at_target_controller": "controller.animation.armadillo.look_at_target",
                "walk": "animation.armadillo.walk",
                "walk_controller": "controller.animation.armadillo.walk",
                "roll_up": "animation.armadillo.roll_up",
                "rolled_up": "animation.armadillo.rolled_up",
                "peek": "animation.armadillo.peek",
                "unroll": "animation.armadillo.unroll",
                "unroll_fast": "animation.armadillo.unroll_fast",
                "roll_up_controller": "controller.animation.armadillo.roll_up",
                "health_bar": "animation.health_bar"
            },
            "sound_effects": {
                "roll": "mob.armadillo.roll",
                "land": "mob.armadillo.land",
                "peek": "mob.armadillo.peek",
                "unroll_start": "mob.armadillo.unroll_start",
                "unroll_finish": "mob.armadillo.unroll_finish"
            },
            "spawn_egg": {
                "base_color": "#ad716d",
                "overlay_color": "#824848"
            }
        }
    }
}