{
    "format_version": "1.10.0",
    "minecraft:client_entity": {
        "description": {
            "identifier": "minecraft:breeze",
            "materials": {
                "default": "breeze",
                "breeze_eyes": "breeze_eyes",
                "breeze_wind": "breeze_wind",
                "health_bar": "entity_emissive_alpha"
            },
            "textures": {
                "default": "textures/entity/breeze/breeze",
                "breeze_wind": "textures/entity/breeze/breeze_wind",
                "breeze_eyes": "textures/entity/breeze/breeze_eyes",
                "heart": "textures/health_bar/heart",
                "bar50": "textures/health_bar/bar/50",
                "bar49": "textures/health_bar/bar/49",
                "bar48": "textures/health_bar/bar/48",
                "bar47": "textures/health_bar/bar/47",
                "bar46": "textures/health_bar/bar/46",
                "bar45": "textures/health_bar/bar/45",
                "bar44": "textures/health_bar/bar/44",
                "bar43": "textures/health_bar/bar/43",
                "bar42": "textures/health_bar/bar/42",
                "bar41": "textures/health_bar/bar/41",
                "bar40": "textures/health_bar/bar/40",
                "bar39": "textures/health_bar/bar/39",
                "bar38": "textures/health_bar/bar/38",
                "bar37": "textures/health_bar/bar/37",
                "bar36": "textures/health_bar/bar/36",
                "bar35": "textures/health_bar/bar/35",
                "bar34": "textures/health_bar/bar/34",
                "bar33": "textures/health_bar/bar/33",
                "bar32": "textures/health_bar/bar/32",
                "bar31": "textures/health_bar/bar/31",
                "bar30": "textures/health_bar/bar/30",
                "bar29": "textures/health_bar/bar/29",
                "bar28": "textures/health_bar/bar/28",
                "bar27": "textures/health_bar/bar/27",
                "bar26": "textures/health_bar/bar/26",
                "bar25": "textures/health_bar/bar/25",
                "bar24": "textures/health_bar/bar/24",
                "bar23": "textures/health_bar/bar/23",
                "bar22": "textures/health_bar/bar/22",
                "bar21": "textures/health_bar/bar/21",
                "bar20": "textures/health_bar/bar/20",
                "bar19": "textures/health_bar/bar/19",
                "bar18": "textures/health_bar/bar/18",
                "bar17": "textures/health_bar/bar/17",
                "bar16": "textures/health_bar/bar/16",
                "bar15": "textures/health_bar/bar/15",
                "bar14": "textures/health_bar/bar/14",
                "bar13": "textures/health_bar/bar/13",
                "bar12": "textures/health_bar/bar/12",
                "bar11": "textures/health_bar/bar/11",
                "bar10": "textures/health_bar/bar/10",
                "bar09": "textures/health_bar/bar/09",
                "bar08": "textures/health_bar/bar/08",
                "bar07": "textures/health_bar/bar/07",
                "bar06": "textures/health_bar/bar/06",
                "bar05": "textures/health_bar/bar/05",
                "bar04": "textures/health_bar/bar/04",
                "bar03": "textures/health_bar/bar/03",
                "bar02": "textures/health_bar/bar/02",
                "bar01": "textures/health_bar/bar/01",
                "bar00": "textures/health_bar/bar/00",
                "font9": "textures/health_bar/font/9",
                "font8": "textures/health_bar/font/8",
                "font7": "textures/health_bar/font/7",
                "font6": "textures/health_bar/font/6",
                "font5": "textures/health_bar/font/5",
                "font4": "textures/health_bar/font/4",
                "font3": "textures/health_bar/font/3",
                "font2": "textures/health_bar/font/2",
                "font1": "textures/health_bar/font/1",
                "font0": "textures/health_bar/font/0"
            },
            "geometry": {
                "default": "geometry.breeze",
                "breeze_eyes": "geometry.breeze_eyes",
                "breeze_wind_top": "geometry.breeze_wind_top",
                "breeze_wind_mid": "geometry.breeze_wind_mid",
                "breeze_wind_bottom": "geometry.breeze_wind_bottom",
                "health_bar": "geometry.health_bar"
            },
            "spawn_egg": {
                "base_color": "#af94df",
                "overlay_color": "#9166df"
            },
            "scripts": {
                "animate": [
                    "look_at_controller",
                    "idle_controller",
                    "move_controller",
                    "ground_particles_controller",
                    "shoot_controller",
                    "jump_controller",
                    "idle_ground_sound_controller",
                    "health_bar"
                ],
                "should_update_effects_offscreen": "1.0",
                "pre_animation": [
                    "v.health_bar_position = 32;",
                    "v.health_bar_scale = q.model_scale;"
                ]
            },
            "animations": {
                "look_at": "animation.common.look_at_target",
                "idle": "animation.breeze.idle",
                "jump": "animation.breeze.jump",
                "shoot": "animation.breeze.shoot",
                "slide": "animation.breeze.slide",
                "idle_ground_particles": "animation.breeze.idle_ground_particles",
                "slide_ground_particles": "animation.breeze.slide_ground_particles",
                "whirl_sound": "animation.breeze.whirl_sound",
                "idle_ground_sound": "animation.breeze.idle_ground_sound",
                "look_at_controller": "controller.animation.breeze.look_at",
                "idle_controller": "controller.animation.breeze.idle",
                "move_controller": "controller.animation.breeze.move",
                "ground_particles_controller": "controller.animation.breeze.ground_particles",
                "shoot_controller": "controller.animation.breeze.shoot",
                "jump_controller": "controller.animation.breeze.jump",
                "idle_ground_sound_controller": "controller.animation.breeze.idle_ground_sound",
                "health_bar": "animation.health_bar"
            },
            "render_controllers": [
                "controller.render.breeze",
                "controller.render.breeze_eyes",
                "controller.render.breeze_wind_top",
                "controller.render.breeze_wind_mid",
                "controller.render.breeze_wind_bottom",
                "controller.render.health_bar.bar",
                "controller.render.health_bar.heart",
                "controller.render.health_bar.digit1",
                "controller.render.health_bar.digit2",
                "controller.render.health_bar.digit3"
            ],
            "sound_effects": {
                "charge": "mob.breeze.charge",
                "inhale": "mob.breeze.inhale",
                "slide": "mob.breeze.slide",
                "whirl": "mob.breeze.whirl",
                "idle_ground_sound": "mob.breeze.idle_ground"
            },
            "particle_effects": {
                "ground_particles": "minecraft:breeze_ground_particle"
            }
        }
    }
}