{
    "format_version": "1.10.0",
    "minecraft:client_entity": {
        "description": {
            "identifier": "minecraft:camel",
            "materials": {
                "default": "camel",
                "health_bar": "entity_emissive_alpha"
            },
            "textures": {
                "default": "textures/entity/camel/camel",
                "heart": "textures/health_bar/heart",
                "bar50": "textures/health_bar/bar/50",
                "bar49": "textures/health_bar/bar/49",
                "bar48": "textures/health_bar/bar/48",
                "bar47": "textures/health_bar/bar/47",
                "bar46": "textures/health_bar/bar/46",
                "bar45": "textures/health_bar/bar/45",
                "bar44": "textures/health_bar/bar/44",
                "bar43": "textures/health_bar/bar/43",
                "bar42": "textures/health_bar/bar/42",
                "bar41": "textures/health_bar/bar/41",
                "bar40": "textures/health_bar/bar/40",
                "bar39": "textures/health_bar/bar/39",
                "bar38": "textures/health_bar/bar/38",
                "bar37": "textures/health_bar/bar/37",
                "bar36": "textures/health_bar/bar/36",
                "bar35": "textures/health_bar/bar/35",
                "bar34": "textures/health_bar/bar/34",
                "bar33": "textures/health_bar/bar/33",
                "bar32": "textures/health_bar/bar/32",
                "bar31": "textures/health_bar/bar/31",
                "bar30": "textures/health_bar/bar/30",
                "bar29": "textures/health_bar/bar/29",
                "bar28": "textures/health_bar/bar/28",
                "bar27": "textures/health_bar/bar/27",
                "bar26": "textures/health_bar/bar/26",
                "bar25": "textures/health_bar/bar/25",
                "bar24": "textures/health_bar/bar/24",
                "bar23": "textures/health_bar/bar/23",
                "bar22": "textures/health_bar/bar/22",
                "bar21": "textures/health_bar/bar/21",
                "bar20": "textures/health_bar/bar/20",
                "bar19": "textures/health_bar/bar/19",
                "bar18": "textures/health_bar/bar/18",
                "bar17": "textures/health_bar/bar/17",
                "bar16": "textures/health_bar/bar/16",
                "bar15": "textures/health_bar/bar/15",
                "bar14": "textures/health_bar/bar/14",
                "bar13": "textures/health_bar/bar/13",
                "bar12": "textures/health_bar/bar/12",
                "bar11": "textures/health_bar/bar/11",
                "bar10": "textures/health_bar/bar/10",
                "bar09": "textures/health_bar/bar/09",
                "bar08": "textures/health_bar/bar/08",
                "bar07": "textures/health_bar/bar/07",
                "bar06": "textures/health_bar/bar/06",
                "bar05": "textures/health_bar/bar/05",
                "bar04": "textures/health_bar/bar/04",
                "bar03": "textures/health_bar/bar/03",
                "bar02": "textures/health_bar/bar/02",
                "bar01": "textures/health_bar/bar/01",
                "bar00": "textures/health_bar/bar/00",
                "font9": "textures/health_bar/font/9",
                "font8": "textures/health_bar/font/8",
                "font7": "textures/health_bar/font/7",
                "font6": "textures/health_bar/font/6",
                "font5": "textures/health_bar/font/5",
                "font4": "textures/health_bar/font/4",
                "font3": "textures/health_bar/font/3",
                "font2": "textures/health_bar/font/2",
                "font1": "textures/health_bar/font/1",
                "font0": "textures/health_bar/font/0"
            },
            "geometry": {
                "default": "geometry.camel",
                "health_bar": "geometry.health_bar"
            },
            "spawn_egg": {
                "base_color": "#fcc369",
                "overlay_color": "#cb9337"
            },
            "scripts": {
                "pre_animation": [
                    "variable.dash_cooldown = (!(variable.last_dash_cooldown ?? true) && query.has_dash_cooldown) ? 2.75 : ( variable.dash_cooldown ?? 0 );",
                    "variable.dash_cooldown = math.max(0, variable.dash_cooldown-query.delta_time);",
                    "variable.dash_cooldown_progress = (2.75 - variable.dash_cooldown) / 2.75;",
                    "variable.last_dash_cooldown = query.has_dash_cooldown;",
                    "variable.moving = query.modified_move_speed > 0.05 || query.vertical_speed > 0.05;",
                    "variable.xTargetRot = math.clamp(query.target_x_rotation, -30, 30);",
                    "variable.xHeadRot = variable.dash_cooldown_progress > 0 ? math.clamp(variable.xTargetRot + (45 * (1 - variable.dash_cooldown_progress)), -25, 70) : variable.xTargetRot;",
                    "variable.yHeadRot = math.clamp(query.target_y_rotation, -30, 30);",
                    "v.health_bar_position = (q.is_saddled ? 2 : 0) + (q.is_sitting ? 21 : 41);",
                    "v.health_bar_scale = q.model_scale;"
                ],
                "animate": [
                    "general_controller",
                    "idle_controller",
                    "health_bar"
                ]
            },
            "animations": {
                "moving": "animation.camel.walk",
                "sit_down": "animation.camel.sit_down",
                "sitting": "animation.camel.sit",
                "stand_up": "animation.camel.stand_up",
                "look_at_target": "animation.camel.look_at_target",
                "dashing": "animation.camel.dash",
                "dashing_sound": "animation.camel.dash_sound",
                "idle": "animation.camel.idle",
                "general_controller": "controller.animation.camel.general",
                "idle_controller": "controller.animation.camel.idle",
                "health_bar": "animation.health_bar"
            },
            "sound_effects": {
                "sit_down": "mob.camel.sit",
                "stand_up": "mob.camel.stand",
                "dash": "mob.camel.dash"
            },
            "render_controllers": [
                "controller.render.camel",
                "controller.render.health_bar.bar",
                "controller.render.health_bar.heart",
                "controller.render.health_bar.digit1",
                "controller.render.health_bar.digit2",
                "controller.render.health_bar.digit3"
            ]
        }
    }
}