{
    "format_version": "1.10.0",
    "minecraft:client_entity": {
        "description": {
            "identifier": "minecraft:parrot",
            "materials": {
                "default": "parrot",
                "health_bar": "entity_emissive_alpha"
            },
            "textures": {
                "blue": "textures/entity/parrot/parrot_blue",
                "green": "textures/entity/parrot/parrot_green",
                "red_blue": "textures/entity/parrot/parrot_red_blue",
                "yellow_blue": "textures/entity/parrot/parrot_yellow_blue",
                "grey": "textures/entity/parrot/parrot_grey",
                "heart": "textures/health_bar/heart",
                "bar50": "textures/health_bar/bar/50",
                "bar49": "textures/health_bar/bar/49",
                "bar48": "textures/health_bar/bar/48",
                "bar47": "textures/health_bar/bar/47",
                "bar46": "textures/health_bar/bar/46",
                "bar45": "textures/health_bar/bar/45",
                "bar44": "textures/health_bar/bar/44",
                "bar43": "textures/health_bar/bar/43",
                "bar42": "textures/health_bar/bar/42",
                "bar41": "textures/health_bar/bar/41",
                "bar40": "textures/health_bar/bar/40",
                "bar39": "textures/health_bar/bar/39",
                "bar38": "textures/health_bar/bar/38",
                "bar37": "textures/health_bar/bar/37",
                "bar36": "textures/health_bar/bar/36",
                "bar35": "textures/health_bar/bar/35",
                "bar34": "textures/health_bar/bar/34",
                "bar33": "textures/health_bar/bar/33",
                "bar32": "textures/health_bar/bar/32",
                "bar31": "textures/health_bar/bar/31",
                "bar30": "textures/health_bar/bar/30",
                "bar29": "textures/health_bar/bar/29",
                "bar28": "textures/health_bar/bar/28",
                "bar27": "textures/health_bar/bar/27",
                "bar26": "textures/health_bar/bar/26",
                "bar25": "textures/health_bar/bar/25",
                "bar24": "textures/health_bar/bar/24",
                "bar23": "textures/health_bar/bar/23",
                "bar22": "textures/health_bar/bar/22",
                "bar21": "textures/health_bar/bar/21",
                "bar20": "textures/health_bar/bar/20",
                "bar19": "textures/health_bar/bar/19",
                "bar18": "textures/health_bar/bar/18",
                "bar17": "textures/health_bar/bar/17",
                "bar16": "textures/health_bar/bar/16",
                "bar15": "textures/health_bar/bar/15",
                "bar14": "textures/health_bar/bar/14",
                "bar13": "textures/health_bar/bar/13",
                "bar12": "textures/health_bar/bar/12",
                "bar11": "textures/health_bar/bar/11",
                "bar10": "textures/health_bar/bar/10",
                "bar09": "textures/health_bar/bar/09",
                "bar08": "textures/health_bar/bar/08",
                "bar07": "textures/health_bar/bar/07",
                "bar06": "textures/health_bar/bar/06",
                "bar05": "textures/health_bar/bar/05",
                "bar04": "textures/health_bar/bar/04",
                "bar03": "textures/health_bar/bar/03",
                "bar02": "textures/health_bar/bar/02",
                "bar01": "textures/health_bar/bar/01",
                "bar00": "textures/health_bar/bar/00",
                "font9": "textures/health_bar/font/9",
                "font8": "textures/health_bar/font/8",
                "font7": "textures/health_bar/font/7",
                "font6": "textures/health_bar/font/6",
                "font5": "textures/health_bar/font/5",
                "font4": "textures/health_bar/font/4",
                "font3": "textures/health_bar/font/3",
                "font2": "textures/health_bar/font/2",
                "font1": "textures/health_bar/font/1",
                "font0": "textures/health_bar/font/0"
            },
            "geometry": {
                "default": "geometry.parrot",
                "health_bar": "geometry.health_bar"
            },
            "scripts": {
                "pre_animation": [
                    "variable.state = query.is_dancing ? 3 : (query.is_sitting ? 2 : (!query.is_on_ground && !query.is_jumping && !query.is_riding ? 0 : 1));",
                    "variable.dance.x = Math.cos(query.life_time * 57.3 * 20.0);",
                    "variable.dance.y = -Math.sin(query.life_time * 57.3 * 20.0);",
                    "variable.wing_flap = ((math.sin(query.wing_flap_position * 57.3) + 1) * query.wing_flap_speed);",
                    "v.health_bar_position = 16;",
                    "v.health_bar_scale = q.model_scale;"
                ],
                "animate": [
                    "setup_controller",
                    "move_controller",
                    "health_bar"
                ]
            },
            "animations": {
                "moving": "animation.parrot.moving",
                "base": "animation.parrot.base",
                "dance": "animation.parrot.dance",
                "sitting": "animation.parrot.sitting",
                "flying": "animation.parrot.flying",
                "standing": "animation.parrot.standing",
                "look_at_target": "animation.common.look_at_target",
                "setup_controller": "controller.animation.parrot.setup",
                "move_controller": "controller.animation.parrot.move",
                "health_bar": "animation.health_bar"
            },
            "render_controllers": [
                "controller.render.parrot",
                "controller.render.health_bar.bar",
                "controller.render.health_bar.heart",
                "controller.render.health_bar.digit1",
                "controller.render.health_bar.digit2",
                "controller.render.health_bar.digit3"
            ],
            "spawn_egg": {
                "texture": "spawn_egg",
                "texture_index": 43
            }
        }
    }
}