{
    "format_version": "1.10.0",
    "minecraft:client_entity": {
        "description": {
            "identifier": "minecraft:shulker",
            "min_engine_version": "1.8.0",
            "materials": {
                "default": "shulker",
                "health_bar": "entity_emissive_alpha"
            },
            "textures": {
                "undyed": "textures/entity/shulker/shulker_undyed",
                "white": "textures/entity/shulker/shulker_white",
                "orange": "textures/entity/shulker/shulker_orange",
                "magenta": "textures/entity/shulker/shulker_magenta",
                "light_blue": "textures/entity/shulker/shulker_light_blue",
                "yellow": "textures/entity/shulker/shulker_yellow",
                "lime": "textures/entity/shulker/shulker_lime",
                "pink": "textures/entity/shulker/shulker_pink",
                "gray": "textures/entity/shulker/shulker_gray",
                "silver": "textures/entity/shulker/shulker_silver",
                "cyan": "textures/entity/shulker/shulker_cyan",
                "purple": "textures/entity/shulker/shulker_purple",
                "blue": "textures/entity/shulker/shulker_blue",
                "brown": "textures/entity/shulker/shulker_brown",
                "green": "textures/entity/shulker/shulker_green",
                "red": "textures/entity/shulker/shulker_red",
                "black": "textures/entity/shulker/shulker_black",
                "heart": "textures/health_bar/heart",
                "bar50": "textures/health_bar/bar/50",
                "bar49": "textures/health_bar/bar/49",
                "bar48": "textures/health_bar/bar/48",
                "bar47": "textures/health_bar/bar/47",
                "bar46": "textures/health_bar/bar/46",
                "bar45": "textures/health_bar/bar/45",
                "bar44": "textures/health_bar/bar/44",
                "bar43": "textures/health_bar/bar/43",
                "bar42": "textures/health_bar/bar/42",
                "bar41": "textures/health_bar/bar/41",
                "bar40": "textures/health_bar/bar/40",
                "bar39": "textures/health_bar/bar/39",
                "bar38": "textures/health_bar/bar/38",
                "bar37": "textures/health_bar/bar/37",
                "bar36": "textures/health_bar/bar/36",
                "bar35": "textures/health_bar/bar/35",
                "bar34": "textures/health_bar/bar/34",
                "bar33": "textures/health_bar/bar/33",
                "bar32": "textures/health_bar/bar/32",
                "bar31": "textures/health_bar/bar/31",
                "bar30": "textures/health_bar/bar/30",
                "bar29": "textures/health_bar/bar/29",
                "bar28": "textures/health_bar/bar/28",
                "bar27": "textures/health_bar/bar/27",
                "bar26": "textures/health_bar/bar/26",
                "bar25": "textures/health_bar/bar/25",
                "bar24": "textures/health_bar/bar/24",
                "bar23": "textures/health_bar/bar/23",
                "bar22": "textures/health_bar/bar/22",
                "bar21": "textures/health_bar/bar/21",
                "bar20": "textures/health_bar/bar/20",
                "bar19": "textures/health_bar/bar/19",
                "bar18": "textures/health_bar/bar/18",
                "bar17": "textures/health_bar/bar/17",
                "bar16": "textures/health_bar/bar/16",
                "bar15": "textures/health_bar/bar/15",
                "bar14": "textures/health_bar/bar/14",
                "bar13": "textures/health_bar/bar/13",
                "bar12": "textures/health_bar/bar/12",
                "bar11": "textures/health_bar/bar/11",
                "bar10": "textures/health_bar/bar/10",
                "bar09": "textures/health_bar/bar/09",
                "bar08": "textures/health_bar/bar/08",
                "bar07": "textures/health_bar/bar/07",
                "bar06": "textures/health_bar/bar/06",
                "bar05": "textures/health_bar/bar/05",
                "bar04": "textures/health_bar/bar/04",
                "bar03": "textures/health_bar/bar/03",
                "bar02": "textures/health_bar/bar/02",
                "bar01": "textures/health_bar/bar/01",
                "bar00": "textures/health_bar/bar/00",
                "font9": "textures/health_bar/font/9",
                "font8": "textures/health_bar/font/8",
                "font7": "textures/health_bar/font/7",
                "font6": "textures/health_bar/font/6",
                "font5": "textures/health_bar/font/5",
                "font4": "textures/health_bar/font/4",
                "font3": "textures/health_bar/font/3",
                "font2": "textures/health_bar/font/2",
                "font1": "textures/health_bar/font/1",
                "font0": "textures/health_bar/font/0"
            },
            "geometry": {
                "default": "geometry.shulker.v1.8",
                "health_bar": "geometry.health_bar"
            },
            "spawn_egg": {
                "texture": "spawn_egg",
                "texture_index": 34
            },
            "scripts": {
                "pre_animation": [
                    "variable.Shulker.LidPositionFactor = 180 * (0.5 + variable.Shulker.PeekAmount);",
                    "variable.Shulker.LidRotationFactor = -1 + Math.sin(180 * (0.5 + variable.Shulker.PeekAmount));",
                    "variable.Shulker.UpFacing = variable.Shulker.FacingDirection == 1;",
                    "variable.Shulker.NorthFacing = variable.Shulker.FacingDirection == 2;",
                    "variable.Shulker.SouthFacing = variable.Shulker.FacingDirection == 3;",
                    "variable.Shulker.WestFacing = variable.Shulker.FacingDirection == 4;",
                    "variable.Shulker.EastFacing = variable.Shulker.FacingDirection == 5;",
                    "variable.Shulker.XPreRotation = variable.Shulker.UpFacing * 180 + variable.Shulker.NorthFacing * 90 - variable.Shulker.SouthFacing * 90;",
                    "variable.Shulker.ZPreRotation = variable.Shulker.NorthFacing * 180 + variable.Shulker.WestFacing * 90 - variable.Shulker.EastFacing * 90;",
                    "variable.Shulker.XOffset = -variable.Shulker.WestFacing * 7.99 + variable.Shulker.EastFacing * 7.99;",
                    "variable.Shulker.YOffset = variable.Shulker.UpFacing * 16 + variable.Shulker.NorthFacing * 7.99 + variable.Shulker.SouthFacing * 7.99 + variable.Shulker.WestFacing * 7.99 + variable.Shulker.EastFacing * 7.99;",
                    "variable.Shulker.ZOffset = variable.Shulker.NorthFacing * 7.99 - variable.Shulker.SouthFacing * 7.99;",
                    "v.health_bar_position = 20;",
                    "v.health_bar_scale = q.model_scale;"
                ],
                "animate": [
                    "facing_controller",
                    "move_controller",
                    "health_bar"
                ]
            },
            "animations": {
                "facing": "animation.shulker.facing",
                "move": "animation.shulker.move",
                "look_at_target": "animation.common.look_at_target",
                "facing_controller": "controller.animation.shulker.facing",
                "move_controller": "controller.animation.shulker.move",
                "health_bar": "animation.health_bar"
            },
            "render_controllers": [
                "controller.render.shulker",
                "controller.render.health_bar.bar",
                "controller.render.health_bar.heart",
                "controller.render.health_bar.digit1",
                "controller.render.health_bar.digit2",
                "controller.render.health_bar.digit3"
            ]
        }
    }
}