{
    "format_version": "1.10.0",
    "minecraft:client_entity": {
        "description": {
            "identifier": "minecraft:sniffer",
            "materials": {
                "default": "sniffer",
                "health_bar": "entity_emissive_alpha"
            },
            "textures": {
                "default": "textures/entity/sniffer/sniffer",
                "heart": "textures/health_bar/heart",
                "bar50": "textures/health_bar/bar/50",
                "bar49": "textures/health_bar/bar/49",
                "bar48": "textures/health_bar/bar/48",
                "bar47": "textures/health_bar/bar/47",
                "bar46": "textures/health_bar/bar/46",
                "bar45": "textures/health_bar/bar/45",
                "bar44": "textures/health_bar/bar/44",
                "bar43": "textures/health_bar/bar/43",
                "bar42": "textures/health_bar/bar/42",
                "bar41": "textures/health_bar/bar/41",
                "bar40": "textures/health_bar/bar/40",
                "bar39": "textures/health_bar/bar/39",
                "bar38": "textures/health_bar/bar/38",
                "bar37": "textures/health_bar/bar/37",
                "bar36": "textures/health_bar/bar/36",
                "bar35": "textures/health_bar/bar/35",
                "bar34": "textures/health_bar/bar/34",
                "bar33": "textures/health_bar/bar/33",
                "bar32": "textures/health_bar/bar/32",
                "bar31": "textures/health_bar/bar/31",
                "bar30": "textures/health_bar/bar/30",
                "bar29": "textures/health_bar/bar/29",
                "bar28": "textures/health_bar/bar/28",
                "bar27": "textures/health_bar/bar/27",
                "bar26": "textures/health_bar/bar/26",
                "bar25": "textures/health_bar/bar/25",
                "bar24": "textures/health_bar/bar/24",
                "bar23": "textures/health_bar/bar/23",
                "bar22": "textures/health_bar/bar/22",
                "bar21": "textures/health_bar/bar/21",
                "bar20": "textures/health_bar/bar/20",
                "bar19": "textures/health_bar/bar/19",
                "bar18": "textures/health_bar/bar/18",
                "bar17": "textures/health_bar/bar/17",
                "bar16": "textures/health_bar/bar/16",
                "bar15": "textures/health_bar/bar/15",
                "bar14": "textures/health_bar/bar/14",
                "bar13": "textures/health_bar/bar/13",
                "bar12": "textures/health_bar/bar/12",
                "bar11": "textures/health_bar/bar/11",
                "bar10": "textures/health_bar/bar/10",
                "bar09": "textures/health_bar/bar/09",
                "bar08": "textures/health_bar/bar/08",
                "bar07": "textures/health_bar/bar/07",
                "bar06": "textures/health_bar/bar/06",
                "bar05": "textures/health_bar/bar/05",
                "bar04": "textures/health_bar/bar/04",
                "bar03": "textures/health_bar/bar/03",
                "bar02": "textures/health_bar/bar/02",
                "bar01": "textures/health_bar/bar/01",
                "bar00": "textures/health_bar/bar/00",
                "font9": "textures/health_bar/font/9",
                "font8": "textures/health_bar/font/8",
                "font7": "textures/health_bar/font/7",
                "font6": "textures/health_bar/font/6",
                "font5": "textures/health_bar/font/5",
                "font4": "textures/health_bar/font/4",
                "font3": "textures/health_bar/font/3",
                "font2": "textures/health_bar/font/2",
                "font1": "textures/health_bar/font/1",
                "font0": "textures/health_bar/font/0"
            },
            "scripts": {
                "pre_animation": [
                    "variable.moving = math.min(1.0, query.modified_move_speed * 10);",
                    "v.health_bar_position = 39;",
                    "v.health_bar_scale = q.model_scale;"
                ],
                "animate": [
                    "general_controller",
                    "baby_controller",
                    "walk_controller",
                    "sniffsniff_controller",
                    "long_sniff_controller",
                    "search_controller",
                    "dig_controller",
                    "stand_up_controller",
                    "feeling_happy_controller",
                    "health_bar"
                ]
            },
            "geometry": {
                "default": "geometry.sniffer",
                "health_bar": "geometry.health_bar"
            },
            "animations": {
                "baby_transform": "animation.sniffer.baby_transform",
                "walk": "animation.sniffer.walk",
                "look_at_target": "animation.common.look_at_target",
                "sniffsniff": "animation.sniffer.sniffsniff",
                "long_sniff": "animation.sniffer.longsniff",
                "search": "animation.sniffer.search",
                "dig": "animation.sniffer.dig",
                "stand_up": "animation.sniffer.stand_up",
                "feeling_happy": "animation.sniffer.feeling_happy",
                "general_controller": "controller.animation.sniffer.general",
                "baby_controller": "controller.animation.sniffer.baby",
                "walk_controller": "controller.animation.sniffer.walk",
                "sniffsniff_controller": "controller.animation.sniffer.sniffsniff",
                "long_sniff_controller": "controller.animation.sniffer.long_sniff",
                "search_controller": "controller.animation.sniffer.search",
                "dig_controller": "controller.animation.sniffer.dig",
                "stand_up_controller": "controller.animation.sniffer.stand_up",
                "feeling_happy_controller": "controller.animation.sniffer.feeling_happy",
                "health_bar": "animation.health_bar"
            },
            "render_controllers": [
                "controller.render.sniffer",
                "controller.render.health_bar.bar",
                "controller.render.health_bar.heart",
                "controller.render.health_bar.digit1",
                "controller.render.health_bar.digit2",
                "controller.render.health_bar.digit3"
            ],
            "spawn_egg": {
                "base_color": "#871E09",
                "overlay_color": "#25AB70"
            },
            "sound_effects": {
                "drop_seed": "mob.sniffer.drop_seed",
                "sniffsniff": "mob.sniffer.sniffsniff",
                "searching": "mob.sniffer.searching",
                "long_sniff": "mob.sniffer.long_sniff",
                "digging": "mob.sniffer.digging",
                "stand_up": "mob.sniffer.stand_up",
                "happy": "mob.sniffer.happy"
            }
        }
    }
}