{
    "format_version": "1.10.0",
    "minecraft:client_entity": {
        "description": {
            "identifier": "minecraft:villager_v2",
            "materials": {
                "default": "villager_v2",
                "masked": "villager_v2_masked",
                "health_bar": "entity_emissive_alpha"
            },
            "textures": {
                "base": "textures/entity/villager2/villager",
                "base2": "textures/entity/villager2/villager",
                "base3": "textures/entity/villager2/villager",
                "base4": "textures/entity/villager2/villager",
                "base5": "textures/entity/villager2/villager",
                "base6": "textures/entity/villager2/villager",
                "desert": "textures/entity/villager2/biomes/biome_desert",
                "jungle": "textures/entity/villager2/biomes/biome_jungle",
                "plains": "textures/entity/villager2/biomes/biome_plains",
                "savanna": "textures/entity/villager2/biomes/biome_savanna",
                "snow": "textures/entity/villager2/biomes/biome_snow",
                "swamp": "textures/entity/villager2/biomes/biome_swamp",
                "taiga": "textures/entity/villager2/biomes/biome_taiga",
                "armorer": "textures/entity/villager2/professions/armorer",
                "butcher": "textures/entity/villager2/professions/butcher",
                "cartographer": "textures/entity/villager2/professions/cartographer",
                "cleric": "textures/entity/villager2/professions/cleric",
                "farmer": "textures/entity/villager2/professions/farmer",
                "fisherman": "textures/entity/villager2/professions/fisherman",
                "fletcher": "textures/entity/villager2/professions/fletcher",
                "leatherworker": "textures/entity/villager2/professions/leatherworker",
                "librarian": "textures/entity/villager2/professions/librarian",
                "shepherd": "textures/entity/villager2/professions/shepherd",
                "tool_smith": "textures/entity/villager2/professions/toolsmith",
                "weapon_smith": "textures/entity/villager2/professions/weaponsmith",
                "stonemason": "textures/entity/villager2/professions/stonemason",
                "nitwit": "textures/entity/villager2/professions/nitwit",
                "unskilled": "textures/entity/villager2/professions/unskilled",
                "level_stone": "textures/entity/villager2/levels/level_stone",
                "level_iron": "textures/entity/villager2/levels/level_iron",
                "level_gold": "textures/entity/villager2/levels/level_gold",
                "level_emerald": "textures/entity/villager2/levels/level_emerald",
                "level_diamond": "textures/entity/villager2/levels/level_diamond",
                "heart": "textures/health_bar/heart",
                "bar50": "textures/health_bar/bar/50",
                "bar49": "textures/health_bar/bar/49",
                "bar48": "textures/health_bar/bar/48",
                "bar47": "textures/health_bar/bar/47",
                "bar46": "textures/health_bar/bar/46",
                "bar45": "textures/health_bar/bar/45",
                "bar44": "textures/health_bar/bar/44",
                "bar43": "textures/health_bar/bar/43",
                "bar42": "textures/health_bar/bar/42",
                "bar41": "textures/health_bar/bar/41",
                "bar40": "textures/health_bar/bar/40",
                "bar39": "textures/health_bar/bar/39",
                "bar38": "textures/health_bar/bar/38",
                "bar37": "textures/health_bar/bar/37",
                "bar36": "textures/health_bar/bar/36",
                "bar35": "textures/health_bar/bar/35",
                "bar34": "textures/health_bar/bar/34",
                "bar33": "textures/health_bar/bar/33",
                "bar32": "textures/health_bar/bar/32",
                "bar31": "textures/health_bar/bar/31",
                "bar30": "textures/health_bar/bar/30",
                "bar29": "textures/health_bar/bar/29",
                "bar28": "textures/health_bar/bar/28",
                "bar27": "textures/health_bar/bar/27",
                "bar26": "textures/health_bar/bar/26",
                "bar25": "textures/health_bar/bar/25",
                "bar24": "textures/health_bar/bar/24",
                "bar23": "textures/health_bar/bar/23",
                "bar22": "textures/health_bar/bar/22",
                "bar21": "textures/health_bar/bar/21",
                "bar20": "textures/health_bar/bar/20",
                "bar19": "textures/health_bar/bar/19",
                "bar18": "textures/health_bar/bar/18",
                "bar17": "textures/health_bar/bar/17",
                "bar16": "textures/health_bar/bar/16",
                "bar15": "textures/health_bar/bar/15",
                "bar14": "textures/health_bar/bar/14",
                "bar13": "textures/health_bar/bar/13",
                "bar12": "textures/health_bar/bar/12",
                "bar11": "textures/health_bar/bar/11",
                "bar10": "textures/health_bar/bar/10",
                "bar09": "textures/health_bar/bar/09",
                "bar08": "textures/health_bar/bar/08",
                "bar07": "textures/health_bar/bar/07",
                "bar06": "textures/health_bar/bar/06",
                "bar05": "textures/health_bar/bar/05",
                "bar04": "textures/health_bar/bar/04",
                "bar03": "textures/health_bar/bar/03",
                "bar02": "textures/health_bar/bar/02",
                "bar01": "textures/health_bar/bar/01",
                "bar00": "textures/health_bar/bar/00",
                "font9": "textures/health_bar/font/9",
                "font8": "textures/health_bar/font/8",
                "font7": "textures/health_bar/font/7",
                "font6": "textures/health_bar/font/6",
                "font5": "textures/health_bar/font/5",
                "font4": "textures/health_bar/font/4",
                "font3": "textures/health_bar/font/3",
                "font2": "textures/health_bar/font/2",
                "font1": "textures/health_bar/font/1",
                "font0": "textures/health_bar/font/0"
            },
            "geometry": {
                "default": "geometry.villager_v2",
                "health_bar": "geometry.health_bar"
            },
            "scripts": {
                "scale": "0.9375",
                "pre_animation": [
                    "variable.num_professions = 15;",
                    "variable.num_tiers = 3;",
                    "variable.profession_index = (query.variant < variable.num_professions ? query.variant : 0);",
                    "variable.level_index = query.trade_tier;",
                    "v.health_bar_position = q.is_baby ? 44 : 38;",
                    "v.health_bar_scale = q.model_scale;"
                ],
                "animate": [
                    "general_controller",
                    "move_controller",
                    "raise_arms_controller",
                    "baby_controller",
                    "health_bar"
                ]
            },
            "animations": {
                "general": "animation.villager.general",
                "look_at_target": "animation.common.look_at_target",
                "move": "animation.villager.move",
                "raise_arms": "animation.villager.raise_arms",
                "baby_transform": "animation.villager.baby_transform",
                "get_in_bed": "animation.villager.get_in_bed",
                "general_controller": "controller.animation.villager_v2.general",
                "move_controller": "controller.animation.villager_v2.move",
                "raise_arms_controller": "controller.animation.villager_v2.raise_arms",
                "baby_controller": "controller.animation.villager_v2.baby",
                "health_bar": "animation.health_bar"
            },
            "render_controllers": [
                "controller.render.villager_v2_base",
                "controller.render.villager_v2_masked",
                "controller.render.villager_v2_level",
                "controller.render.health_bar.bar",
                "controller.render.health_bar.heart",
                "controller.render.health_bar.digit1",
                "controller.render.health_bar.digit2",
                "controller.render.health_bar.digit3"
            ],
            "spawn_egg": {
                "texture": "spawn_egg",
                "texture_index": 14
            }
        }
    }
}