{
    "format_version": "1.10.0",
    "minecraft:client_entity": {
        "description": {
            "identifier": "minecraft:wolf",
            "materials": {
                "default": "wolf",
                "health_bar": "entity_emissive_alpha"
            },
            "textures": {
                "default": "textures/entity/wolf/wolf",
                "angry": "textures/entity/wolf/wolf_angry",
                "tame": "textures/entity/wolf/wolf_tame",
                "pale_default": "textures/entity/wolf/wolf",
                "pale_angry": "textures/entity/wolf/wolf_angry",
                "pale_tame": "textures/entity/wolf/wolf_tame",
                "ashen_default": "textures/entity/wolf/wolf_ashen",
                "ashen_angry": "textures/entity/wolf/wolf_ashen_angry",
                "ashen_tame": "textures/entity/wolf/wolf_ashen_tame",
                "black_default": "textures/entity/wolf/wolf_black",
                "black_angry": "textures/entity/wolf/wolf_black_angry",
                "black_tame": "textures/entity/wolf/wolf_black_tame",
                "chestnut_default": "textures/entity/wolf/wolf_chestnut",
                "chestnut_angry": "textures/entity/wolf/wolf_chestnut_angry",
                "chestnut_tame": "textures/entity/wolf/wolf_chestnut_tame",
                "rusty_default": "textures/entity/wolf/wolf_rusty",
                "rusty_angry": "textures/entity/wolf/wolf_rusty_angry",
                "rusty_tame": "textures/entity/wolf/wolf_rusty_tame",
                "snowy_default": "textures/entity/wolf/wolf_snowy",
                "snowy_angry": "textures/entity/wolf/wolf_snowy_angry",
                "snowy_tame": "textures/entity/wolf/wolf_snowy_tame",
                "spotted_default": "textures/entity/wolf/wolf_spotted",
                "spotted_angry": "textures/entity/wolf/wolf_spotted_angry",
                "spotted_tame": "textures/entity/wolf/wolf_spotted_tame",
                "striped_default": "textures/entity/wolf/wolf_striped",
                "striped_angry": "textures/entity/wolf/wolf_striped_angry",
                "striped_tame": "textures/entity/wolf/wolf_striped_tame",
                "woods_default": "textures/entity/wolf/wolf_woods",
                "woods_angry": "textures/entity/wolf/wolf_woods_angry",
                "woods_tame": "textures/entity/wolf/wolf_woods_tame",
                "heart": "textures/health_bar/heart",
                "bar50": "textures/health_bar/bar/50",
                "bar49": "textures/health_bar/bar/49",
                "bar48": "textures/health_bar/bar/48",
                "bar47": "textures/health_bar/bar/47",
                "bar46": "textures/health_bar/bar/46",
                "bar45": "textures/health_bar/bar/45",
                "bar44": "textures/health_bar/bar/44",
                "bar43": "textures/health_bar/bar/43",
                "bar42": "textures/health_bar/bar/42",
                "bar41": "textures/health_bar/bar/41",
                "bar40": "textures/health_bar/bar/40",
                "bar39": "textures/health_bar/bar/39",
                "bar38": "textures/health_bar/bar/38",
                "bar37": "textures/health_bar/bar/37",
                "bar36": "textures/health_bar/bar/36",
                "bar35": "textures/health_bar/bar/35",
                "bar34": "textures/health_bar/bar/34",
                "bar33": "textures/health_bar/bar/33",
                "bar32": "textures/health_bar/bar/32",
                "bar31": "textures/health_bar/bar/31",
                "bar30": "textures/health_bar/bar/30",
                "bar29": "textures/health_bar/bar/29",
                "bar28": "textures/health_bar/bar/28",
                "bar27": "textures/health_bar/bar/27",
                "bar26": "textures/health_bar/bar/26",
                "bar25": "textures/health_bar/bar/25",
                "bar24": "textures/health_bar/bar/24",
                "bar23": "textures/health_bar/bar/23",
                "bar22": "textures/health_bar/bar/22",
                "bar21": "textures/health_bar/bar/21",
                "bar20": "textures/health_bar/bar/20",
                "bar19": "textures/health_bar/bar/19",
                "bar18": "textures/health_bar/bar/18",
                "bar17": "textures/health_bar/bar/17",
                "bar16": "textures/health_bar/bar/16",
                "bar15": "textures/health_bar/bar/15",
                "bar14": "textures/health_bar/bar/14",
                "bar13": "textures/health_bar/bar/13",
                "bar12": "textures/health_bar/bar/12",
                "bar11": "textures/health_bar/bar/11",
                "bar10": "textures/health_bar/bar/10",
                "bar09": "textures/health_bar/bar/09",
                "bar08": "textures/health_bar/bar/08",
                "bar07": "textures/health_bar/bar/07",
                "bar06": "textures/health_bar/bar/06",
                "bar05": "textures/health_bar/bar/05",
                "bar04": "textures/health_bar/bar/04",
                "bar03": "textures/health_bar/bar/03",
                "bar02": "textures/health_bar/bar/02",
                "bar01": "textures/health_bar/bar/01",
                "bar00": "textures/health_bar/bar/00",
                "font9": "textures/health_bar/font/9",
                "font8": "textures/health_bar/font/8",
                "font7": "textures/health_bar/font/7",
                "font6": "textures/health_bar/font/6",
                "font5": "textures/health_bar/font/5",
                "font4": "textures/health_bar/font/4",
                "font3": "textures/health_bar/font/3",
                "font2": "textures/health_bar/font/2",
                "font1": "textures/health_bar/font/1",
                "font0": "textures/health_bar/font/0"
            },
            "geometry": {
                "default": "geometry.wolf",
                "health_bar": "geometry.health_bar"
            },
            "scripts": {
                "pre_animation": [
                    "variable.body_shake_angle = 0.05 * query.frame_alpha + query.shake_angle;",
                    "variable.body_roll_progress = Math.clamp((variable.body_shake_angle - 0.16) / 1.8, 0, 1);",
                    "variable.body_rot_z = Math.sin(variable.body_roll_progress * 180) * Math.sin(variable.body_roll_progress * 1980) * 27;",
                    "variable.upper_body_roll_progress = Math.clamp((variable.body_shake_angle - 0.08) / 1.8, 0, 1);",
                    "variable.upper_body_rot_z = (Math.sin(variable.upper_body_roll_progress * 180) * Math.sin(variable.upper_body_roll_progress * 1980) * 27) - variable.body_rot_z;",
                    "variable.tail_roll_progress = Math.clamp((variable.body_shake_angle - 0.2) / 1.8, 0, 1);",
                    "variable.tail_rot_z = (Math.sin(variable.tail_roll_progress * 180) * Math.sin(variable.tail_roll_progress * 1980) * 27) - variable.body_rot_z;",
                    "variable.head_roll_progress = Math.clamp(variable.body_shake_angle / 1.8, 0, 1);",
                    "variable.head_rot_z = (Math.sin(variable.head_roll_progress * 180) * Math.sin(variable.head_roll_progress * 1980) * 27) - variable.body_rot_z;",
                    "v.health_bar_position = q.is_baby ? 24 : 18;",
                    "v.health_bar_scale = q.model_scale;"
                ],
                "animate": [
                    "wolf_setup_controller",
                    "wolf_look_at_controller",
                    "wolf_baby_scaling_controller",
                    "wolf_head_rot_z_controller",
                    "wolf_tail_default_controller",
                    "wolf_angry_controller",
                    "wolf_sitting_controller",
                    "wolf_shaking_controller",
                    "health_bar"
                ]
            },
            "animations": {
                "wolf_setup": "animation.wolf.setup",
                "wolf_baby_scaling": "animation.wolf.baby_scaling",
                "wolf_look_at": "animation.common.look_at_target",
                "wolf_head_rot_z": "animation.wolf.head_rot_z",
                "wolf_tail_default": "animation.wolf.tail_default",
                "wolf_angry": "animation.wolf.angry",
                "wolf_sitting": "animation.wolf.sitting",
                "wolf_shaking": "animation.wolf.shaking",
                "wolf_leg_default": "animation.wolf.leg_default",
                "wolf_setup_controller": "controller.animation.wolf.setup",
                "wolf_look_at_controller": "controller.animation.wolf.look_at",
                "wolf_baby_scaling_controller": "controller.animation.wolf.baby_scaling",
                "wolf_head_rot_z_controller": "controller.animation.wolf.head_rot_z",
                "wolf_tail_default_controller": "controller.animation.wolf.tail_default",
                "wolf_angry_controller": "controller.animation.wolf.angry",
                "wolf_sitting_controller": "controller.animation.wolf.sitting",
                "wolf_shaking_controller": "controller.animation.wolf.shaking",
                "health_bar": "animation.health_bar"
            },
            "render_controllers": [
                "controller.render.wolf",
                "controller.render.health_bar.bar",
                "controller.render.health_bar.heart",
                "controller.render.health_bar.digit1",
                "controller.render.health_bar.digit2",
                "controller.render.health_bar.digit3"
            ],
            "spawn_egg": {
                "texture": "spawn_egg",
                "texture_index": 4
            },
            "enable_attachables": true
        }
    }
}