{
    "format_version": "1.10.0",
    "minecraft:client_entity": {
        "description": {
            "identifier": "minecraft:zombie_pigman",
            "min_engine_version": "1.8.0",
            "materials": {
                "default": "zombie",
                "health_bar": "entity_emissive_alpha"
            },
            "textures": {
                "default": "textures/entity/piglin/zombie_piglin",
                "heart": "textures/health_bar/heart",
                "bar50": "textures/health_bar/bar/50",
                "bar49": "textures/health_bar/bar/49",
                "bar48": "textures/health_bar/bar/48",
                "bar47": "textures/health_bar/bar/47",
                "bar46": "textures/health_bar/bar/46",
                "bar45": "textures/health_bar/bar/45",
                "bar44": "textures/health_bar/bar/44",
                "bar43": "textures/health_bar/bar/43",
                "bar42": "textures/health_bar/bar/42",
                "bar41": "textures/health_bar/bar/41",
                "bar40": "textures/health_bar/bar/40",
                "bar39": "textures/health_bar/bar/39",
                "bar38": "textures/health_bar/bar/38",
                "bar37": "textures/health_bar/bar/37",
                "bar36": "textures/health_bar/bar/36",
                "bar35": "textures/health_bar/bar/35",
                "bar34": "textures/health_bar/bar/34",
                "bar33": "textures/health_bar/bar/33",
                "bar32": "textures/health_bar/bar/32",
                "bar31": "textures/health_bar/bar/31",
                "bar30": "textures/health_bar/bar/30",
                "bar29": "textures/health_bar/bar/29",
                "bar28": "textures/health_bar/bar/28",
                "bar27": "textures/health_bar/bar/27",
                "bar26": "textures/health_bar/bar/26",
                "bar25": "textures/health_bar/bar/25",
                "bar24": "textures/health_bar/bar/24",
                "bar23": "textures/health_bar/bar/23",
                "bar22": "textures/health_bar/bar/22",
                "bar21": "textures/health_bar/bar/21",
                "bar20": "textures/health_bar/bar/20",
                "bar19": "textures/health_bar/bar/19",
                "bar18": "textures/health_bar/bar/18",
                "bar17": "textures/health_bar/bar/17",
                "bar16": "textures/health_bar/bar/16",
                "bar15": "textures/health_bar/bar/15",
                "bar14": "textures/health_bar/bar/14",
                "bar13": "textures/health_bar/bar/13",
                "bar12": "textures/health_bar/bar/12",
                "bar11": "textures/health_bar/bar/11",
                "bar10": "textures/health_bar/bar/10",
                "bar09": "textures/health_bar/bar/09",
                "bar08": "textures/health_bar/bar/08",
                "bar07": "textures/health_bar/bar/07",
                "bar06": "textures/health_bar/bar/06",
                "bar05": "textures/health_bar/bar/05",
                "bar04": "textures/health_bar/bar/04",
                "bar03": "textures/health_bar/bar/03",
                "bar02": "textures/health_bar/bar/02",
                "bar01": "textures/health_bar/bar/01",
                "bar00": "textures/health_bar/bar/00",
                "font9": "textures/health_bar/font/9",
                "font8": "textures/health_bar/font/8",
                "font7": "textures/health_bar/font/7",
                "font6": "textures/health_bar/font/6",
                "font5": "textures/health_bar/font/5",
                "font4": "textures/health_bar/font/4",
                "font3": "textures/health_bar/font/3",
                "font2": "textures/health_bar/font/2",
                "font1": "textures/health_bar/font/1",
                "font0": "textures/health_bar/font/0"
            },
            "geometry": {
                "default": "geometry.piglin",
                "baby": "geometry.pigzombie.baby.v1.8",
                "health_bar": "geometry.health_bar"
            },
            "spawn_egg": {
                "texture": "spawn_egg",
                "texture_index": 13
            },
            "scripts": {
                "pre_animation": [
                    "variable.tcos0 = (Math.cos(query.modified_distance_moved * 38.17) * query.modified_move_speed / variable.gliding_speed_value) * 57.3;",
                    "v.health_bar_position = q.is_baby ? 42 : 36;",
                    "v.health_bar_scale = q.model_scale;"
                ],
                "animate": [
                    "humanoid_baby_big_head_controller",
                    "humanoid_base_pose_controller",
                    "look_at_target_controller",
                    "move_controller",
                    "riding_controller",
                    "holding_controller",
                    "brandish_spear_controller",
                    "charging_controller",
                    "attack_controller",
                    "sneaking_controller",
                    "bob_controller",
                    "damage_nearby_mobs_controller",
                    "bow_and_arrow_controller",
                    "swimming_controller",
                    "use_item_progress_controller",
                    "zombie_attack_bare_hand_controller",
                    "health_bar"
                ]
            },
            "animations": {
                "humanoid_big_head": "animation.humanoid.big_head",
                "humanoid_base_pose": "animation.humanoid.base_pose",
                "look_at_target_default": "animation.humanoid.look_at_target.default",
                "look_at_target_gliding": "animation.humanoid.look_at_target.gliding",
                "look_at_target_swimming": "animation.humanoid.look_at_target.swimming",
                "move": "animation.humanoid.move",
                "riding.arms": "animation.humanoid.riding.arms",
                "riding.legs": "animation.humanoid.riding.legs",
                "holding": "animation.humanoid.holding",
                "brandish_spear": "animation.humanoid.brandish_spear",
                "charging": "animation.humanoid.charging",
                "attack.rotations": "animation.humanoid.attack.rotations",
                "sneaking": "animation.humanoid.sneaking",
                "bob": "animation.humanoid.bob",
                "damage_nearby_mobs": "animation.humanoid.damage_nearby_mobs",
                "bow_and_arrow": "animation.humanoid.bow_and_arrow",
                "swimming": "animation.humanoid.swimming",
                "use_item_progress": "animation.humanoid.use_item_progress",
                "zombie_attack_bare_hand": "animation.zombie.attack_bare_hand",
                "humanoid_baby_big_head_controller": "controller.animation.humanoid.baby_big_head",
                "humanoid_base_pose_controller": "controller.animation.humanoid.base_pose",
                "look_at_target_controller": "controller.animation.humanoid.look_at_target",
                "move_controller": "controller.animation.humanoid.move",
                "riding_controller": "controller.animation.humanoid.riding",
                "holding_controller": "controller.animation.humanoid.holding",
                "brandish_spear_controller": "controller.animation.humanoid.brandish_spear",
                "charging_controller": "controller.animation.humanoid.charging",
                "attack_controller": "controller.animation.humanoid.attack",
                "sneaking_controller": "controller.animation.humanoid.sneaking",
                "bob_controller": "controller.animation.humanoid.bob",
                "damage_nearby_mobs_controller": "controller.animation.humanoid.damage_nearby_mobs",
                "bow_and_arrow_controller": "controller.animation.humanoid.bow_and_arrow",
                "swimming_controller": "controller.animation.humanoid.swimming",
                "use_item_progress_controller": "controller.animation.humanoid.use_item_progress",
                "zombie_attack_bare_hand_controller": "controller.animation.zombie.attack_bare_hand",
                "health_bar": "animation.health_bar"
            },
            "render_controllers": [
                "controller.render.zombie_pigman",
                "controller.render.health_bar.bar",
                "controller.render.health_bar.heart",
                "controller.render.health_bar.digit1",
                "controller.render.health_bar.digit2",
                "controller.render.health_bar.digit3"
            ],
            "enable_attachables": true
        }
    }
}