{"cartography_panel":{"$use_container_mode":true,"$use_hotbar_controller":true},"left_navigation_tabs":{"modifications":[{"value":[{"00001001011110110101100101101100@00110011110100011011101010110001.10100000010001010110100111101000":{}}],"array_name":"controls","operation":"insert_after","control_name":"padding"}]},"right_navigation_tabs":{"modifications":[{"value":[{"10101010000110101000011111101010@01011010101010010101110110001011.11101110100010100101110111100101":{}}],"array_name":"controls","operation":"insert_after","control_name":"fill"}]}}
