{"commands_panel":{"modifications":[{"array_name":"controls","operation":"insert_front","value":[{"11111001110001010001100100100010@11110111100101100111100010001101.01100011001000010110011011111011":{}}]}]},"auto_complete_panel_contents_with_item/autocomplete_button":{"sound_name":"none","bindings":[{"binding_type":"collection_details","binding_collection_name":"auto_complete","binding_condition":"always"},{"binding_type":"collection","binding_name":"#auto_complete_text","binding_collection_name":"auto_complete"},{"binding_type":"view","source_property_name":"(#auto_complete_text - '/')","target_property_name":"#filtered_command_text"},{"binding_type":"view","source_control_name":"message_text_box_display_text","source_property_name":"#item_name","target_property_name":"#text_box_item"},{"binding_type":"view","source_property_name":"((not (#auto_complete_text = '')) and ((#auto_complete_text - #text_box_item) = #filtered_command_text))","target_property_name":"#visible"}],"controls":[{"default@00001101111010101010101000010001.01101101101011110011101111011111":{}},{"hover@11010011110111111001101100000001.11010110011010100100110110110010":{}},{"pressed@00110100001110001001111100011011.11100000010101010101000100000111":{}}]}}
