{
  "namespace": "debug_screen",
  "access_button@common_buttons.light_content_button": {
    "$pressed_button_name": "button.access",
    "size": [20, 20],
    "offset": [20, 20],
    "anchor_to": "top_left",
    "anchor_from": "top_left",
    "bindings": [
      {
        "binding_name": "#access_screen_visible",
        "binding_name_override": "#visible"
      }
    ]
  },
  "minecraft_title@debug_screen.image": {
    "type": "image",
    "texture": "textures/gui/title.png",
    "anchor_from": "top_middle",
    "anchor_to": "top_middle",
    "offset": [0, 10],
    "size": ["200px", "64px"],
    "layer": 2
  },
  "xylon_version@debug_screen.label": {
    "type": "label",
    "text": "Xylon V.1.2.5",
    "color": [1.0, 1.0, 1.0],
    "shadow": true,
    "font_size": "normal",
    "anchor_from": "top_middle",
    "anchor_to": "top_middle",
    "offset": [0, 80]
  },
  "features_list@debug_screen.label": {
    "type": "label",
    "text": "Capes\nESP\nBlock outlines",
    "color": [0.8, 0.8, 0.8],
    "shadow": true,
    "font_size": "small",
    "anchor_from": "top_middle",
    "anchor_to": "top_middle",
    "offset": [0, 100]
  },
  "pack_info": {
    "type": "label",
    "text": "    \n     §bhitbox\n     §bSafe Block\n     Full Bright                  \n     Fast Place\n     ProMode\n     ",
    "color": [1.0, 1.0, 1.0],
    "shadow": true,
    "font_size": "medium",
    "visible": "$pack_info_debug",
    "font_type": "smooth",
    "anchor_from": "top_left",
    "anchor_to": "top_left",
    "alpha": 10
  },
  "special_render": {
    "type": "image",
    "offset": [1, -119],
    "anchor_from": "top_left",
    "anchor_to": "top_left",
    "texture": "textures/debug/Vape.png",
    "size": ["15%", "default"],
    "color": "69",
    "layer": 2
  },
  "debug_global_screen_panel": {
    "type": "panel",
    "clips_children": false,
    "size": ["100%", "100%"],
    "controls": [
      { "access_button@debug_screen.access_button": {} },
      { "minecraft_title@debug_screen.image": {} },
      { "xylon_version@debug_screen.label": {} },
      { "features_list@debug_screen.label": {} },
      { "special_render@debug_screen.special_render": {} },
      { "pack_info@debug_screen.pack_info": {} },
      { "FPS_desktop@debug_screen.FPS_desktop": {} }
    ]
  },
  "debug_screen@common.base_screen": {
    "send_telemetry": false,
    "screen_not_flushable": true,
    "render_game_behind": true,
    "is_showing_menu": false,
    "low_frequency_rendering": true,
    "is_modal": true,
    "should_steal_mouse": false,
    "render_only_when_topmost": false,
    "screen_draws_last": true,
    "always_accepts_input": true,
    "$screen_content": "debug_screen.debug_global_screen_panel",
    "$screen_animations": [],
    "$use_loading_bars": false
  }
}
