{
  "namespace": "debug_screen",
  "special_render@debug_screen.image": {
    "type": "image",
    "offset": [1, -119],
    "anchor_from": "top_left",
    "anchor_to": "top_left",
    "texture": "debug_screen:xylon/db.png",
    "size": ["15%", "default"],
    "layer": 2
  },
  "debug_global_screen_panel": {
    "type": "panel",
    "clips_children": false,
    "size": ["100%", "100%"],
    "controls": [
      { "special_render@debug_screen.image": {} }
    ]
  },
  "debug_screen@common.base_screen": {
    "send_telemetry": false,
    "screen_not_flushable": true,
    "render_game_behind": true,
    "is_showing_menu": false,
    "low_frequency_rendering": true,
    "is_modal": true,
    "should_steal_mouse": false,
    "render_only_when_topmost": false,
    "screen_draws_last": true,
    "always_accepts_input": true,
    "$screen_content": "debug_screen.debug_global_screen_panel",
    "$screen_animations": [],
    "$use_loading_bars": false
  }
}
