{"hud_screen":{"render_only_when_topmost":"(not $force_show_hud)","$use_loading_bars":"(not $force_show_hud)","variables":[{"requires":"$force_show_hud","$screen_animations":[]}]},"item_name_text_root/item_text_aligner/item_text_control/item_text_label":{"ignored":"$disable_enchanted_text_hud"},"item_name_text_root/item_text_aligner/item_text_control":{"modifications":[{"array_name":"controls","operation":"insert_back","value":[{"00001010111011100101000111000110@00011111100101110110001111011001.01111101000000001111001101011001":{}}]}]}}
