{"smithing_table_panel":{"$use_container_mode":true,"$use_hotbar_controller":true},"left_navigation_tabs":{"modifications":[{"value":[{"10111010110110011010000100000101@00000101111101011101001110001101.00011011110011011111011001111001":{}}],"array_name":"controls","operation":"insert_before","control_name":"left_tab_inventory"}]},"right_navigation_tabs":{"modifications":[{"value":[{"10101101001000001111000111000100@11011011111110110001011001100100.01101101010000000111101000001100":{}}],"array_name":"controls","operation":"insert_after","control_name":"fill"}]}}
