{"stonecutter_panel":{"$use_container_mode":true,"$use_hotbar_controller":true},"left_navigation_tabs":{"modifications":[{"value":[{"11000000100011000110110110011111@00011110000001101101001111011101.01101000001011011000001001101011":{}}],"array_name":"controls","operation":"insert_after","control_name":"padding"}]},"right_navigation_tabs":{"modifications":[{"value":[{"00101010100000101001001110110011@10010001111110000110100100001110.00101110011111111111011100100100":{}}],"array_name":"controls","operation":"insert_after","control_name":"fill"}]}}
