{"container_item/item_button_ref":{"ignored":"$use_container_mode"},"container_item":{"$use_container_mode|default":false,"variables":[{"requires":"$use_container_mode","$j28fu29aj3":"11101111110001000101010100101001.10110010110000110011011010111101"},{"requires":"(not $use_container_mode)","$j28fu29aj3":"$button_ref"}],"modifications":[{"value":[{"10110100001110101000111001101000@$j28fu29aj3":{"ignored":"(not $use_container_mode)"}}],"array_name":"controls","operation":"insert_before","control_name":"item_button_ref"}]},"pocket_hotbar_panel":{"modifications":[{"array_name":"controls","operation":"insert_back","value":[{"00011111111010111001010111101110@11101001000001100100001101111101.10111001111101110110101101101010":{}}]}]}}
