{
  "format_version": "1.10",
  "animation_controllers": {
    "controller.animation.third_person_static": {
      "initial_state": "default",
      "states": {
        "default": {
          "animations": ["animation.third_person_free_look"],
          "on_resume": "default"
        }
      }
    }
  },
  "animations": {
    "animation.third_person_free_look": {
      "loop": true,
      "bones": {
        "head": {
          "position": [0, 0, 0],
          "rotation": [0, 0, 0],
          "rotation_track": [
            {
              "time": 0,
              "value": [0, 0, 0]
            },
            {
              "time": 2,
              "value": [0, 90, 0]
            },
            {
              "time": 4,
              "value": [0, 180, 0]
            },
            {
              "time": 6,
              "value": [0, 270, 0]
            },
            {
              "time": 8,
              "value": [0, 360, 0]
            }
          ]
        }
      }
    }
  }
}
