{ "frames": [
   {
    "filename": "KB-07---crafting-table 0.gif",
    "frame": { "x": 0, "y": 0, "w": 72, "h": 64 },
    "rotated": false,
    "trimmed": false,
    "spriteSourceSize": { "x": 0, "y": 0, "w": 72, "h": 64 },
    "sourceSize": { "w": 72, "h": 64 },
    "duration": 1000
   },
   {
    "filename": "KB-07---crafting-table 1.gif",
    "frame": { "x": 72, "y": 0, "w": 72, "h": 64 },
    "rotated": false,
    "trimmed": false,
    "spriteSourceSize": { "x": 0, "y": 0, "w": 72, "h": 64 },
    "sourceSize": { "w": 72, "h": 64 },
    "duration": 100
   },
   {
    "filename": "KB-07---crafting-table 2.gif",
    "frame": { "x": 144, "y": 0, "w": 72, "h": 64 },
    "rotated": false,
    "trimmed": false,
    "spriteSourceSize": { "x": 0, "y": 0, "w": 72, "h": 64 },
    "sourceSize": { "w": 72, "h": 64 },
    "duration": 200
   },
   {
    "filename": "KB-07---crafting-table 3.gif",
    "frame": { "x": 216, "y": 0, "w": 72, "h": 64 },
    "rotated": false,
    "trimmed": false,
    "spriteSourceSize": { "x": 0, "y": 0, "w": 72, "h": 64 },
    "sourceSize": { "w": 72, "h": 64 },
    "duration": 100
   },
   {
    "filename": "KB-07---crafting-table 4.gif",
    "frame": { "x": 288, "y": 0, "w": 72, "h": 64 },
    "rotated": false,
    "trimmed": false,
    "spriteSourceSize": { "x": 0, "y": 0, "w": 72, "h": 64 },
    "sourceSize": { "w": 72, "h": 64 },
    "duration": 100
   },
   {
    "filename": "KB-07---crafting-table 5.gif",
    "frame": { "x": 360, "y": 0, "w": 72, "h": 64 },
    "rotated": false,
    "trimmed": false,
    "spriteSourceSize": { "x": 0, "y": 0, "w": 72, "h": 64 },
    "sourceSize": { "w": 72, "h": 64 },
    "duration": 100
   },
   {
    "filename": "KB-07---crafting-table 6.gif",
    "frame": { "x": 432, "y": 0, "w": 72, "h": 64 },
    "rotated": false,
    "trimmed": false,
    "spriteSourceSize": { "x": 0, "y": 0, "w": 72, "h": 64 },
    "sourceSize": { "w": 72, "h": 64 },
    "duration": 100
   },
   {
    "filename": "KB-07---crafting-table 7.gif",
    "frame": { "x": 504, "y": 0, "w": 72, "h": 64 },
    "rotated": false,
    "trimmed": false,
    "spriteSourceSize": { "x": 0, "y": 0, "w": 72, "h": 64 },
    "sourceSize": { "w": 72, "h": 64 },
    "duration": 100
   },
   {
    "filename": "KB-07---crafting-table 8.gif",
    "frame": { "x": 576, "y": 0, "w": 72, "h": 64 },
    "rotated": false,
    "trimmed": false,
    "spriteSourceSize": { "x": 0, "y": 0, "w": 72, "h": 64 },
    "sourceSize": { "w": 72, "h": 64 },
    "duration": 100
   },
   {
    "filename": "KB-07---crafting-table 9.gif",
    "frame": { "x": 648, "y": 0, "w": 72, "h": 64 },
    "rotated": false,
    "trimmed": false,
    "spriteSourceSize": { "x": 0, "y": 0, "w": 72, "h": 64 },
    "sourceSize": { "w": 72, "h": 64 },
    "duration": 100
   },
   {
    "filename": "KB-07---crafting-table 10.gif",
    "frame": { "x": 720, "y": 0, "w": 72, "h": 64 },
    "rotated": false,
    "trimmed": false,
    "spriteSourceSize": { "x": 0, "y": 0, "w": 72, "h": 64 },
    "sourceSize": { "w": 72, "h": 64 },
    "duration": 1000
   }
 ],
 "meta": {
  "app": "https://www.aseprite.org/",
  "version": "1.2.40-x64",
  "image": "KB-07---crafting-table.png",
  "format": "I8",
  "size": { "w": 792, "h": 64 },
  "scale": "1",
  "frameTags": [
  ],
  "layers": [
   { "name": "Layer", "opacity": 255, "blendMode": "normal" }
  ],
  "slices": [
  ]
 }
}
