{ "frames": [
   {
    "filename": "TOUCH-08---crafting-table 0.gif",
    "frame": { "x": 0, "y": 0, "w": 59, "h": 64 },
    "rotated": false,
    "trimmed": false,
    "spriteSourceSize": { "x": 0, "y": 0, "w": 59, "h": 64 },
    "sourceSize": { "w": 59, "h": 64 },
    "duration": 1000
   },
   {
    "filename": "TOUCH-08---crafting-table 1.gif",
    "frame": { "x": 59, "y": 0, "w": 59, "h": 64 },
    "rotated": false,
    "trimmed": false,
    "spriteSourceSize": { "x": 0, "y": 0, "w": 59, "h": 64 },
    "sourceSize": { "w": 59, "h": 64 },
    "duration": 100
   },
   {
    "filename": "TOUCH-08---crafting-table 2.gif",
    "frame": { "x": 118, "y": 0, "w": 59, "h": 64 },
    "rotated": false,
    "trimmed": false,
    "spriteSourceSize": { "x": 0, "y": 0, "w": 59, "h": 64 },
    "sourceSize": { "w": 59, "h": 64 },
    "duration": 200
   },
   {
    "filename": "TOUCH-08---crafting-table 3.gif",
    "frame": { "x": 177, "y": 0, "w": 59, "h": 64 },
    "rotated": false,
    "trimmed": false,
    "spriteSourceSize": { "x": 0, "y": 0, "w": 59, "h": 64 },
    "sourceSize": { "w": 59, "h": 64 },
    "duration": 100
   },
   {
    "filename": "TOUCH-08---crafting-table 4.gif",
    "frame": { "x": 236, "y": 0, "w": 59, "h": 64 },
    "rotated": false,
    "trimmed": false,
    "spriteSourceSize": { "x": 0, "y": 0, "w": 59, "h": 64 },
    "sourceSize": { "w": 59, "h": 64 },
    "duration": 100
   },
   {
    "filename": "TOUCH-08---crafting-table 5.gif",
    "frame": { "x": 295, "y": 0, "w": 59, "h": 64 },
    "rotated": false,
    "trimmed": false,
    "spriteSourceSize": { "x": 0, "y": 0, "w": 59, "h": 64 },
    "sourceSize": { "w": 59, "h": 64 },
    "duration": 100
   },
   {
    "filename": "TOUCH-08---crafting-table 6.gif",
    "frame": { "x": 354, "y": 0, "w": 59, "h": 64 },
    "rotated": false,
    "trimmed": false,
    "spriteSourceSize": { "x": 0, "y": 0, "w": 59, "h": 64 },
    "sourceSize": { "w": 59, "h": 64 },
    "duration": 100
   },
   {
    "filename": "TOUCH-08---crafting-table 7.gif",
    "frame": { "x": 413, "y": 0, "w": 59, "h": 64 },
    "rotated": false,
    "trimmed": false,
    "spriteSourceSize": { "x": 0, "y": 0, "w": 59, "h": 64 },
    "sourceSize": { "w": 59, "h": 64 },
    "duration": 100
   },
   {
    "filename": "TOUCH-08---crafting-table 8.gif",
    "frame": { "x": 472, "y": 0, "w": 59, "h": 64 },
    "rotated": false,
    "trimmed": false,
    "spriteSourceSize": { "x": 0, "y": 0, "w": 59, "h": 64 },
    "sourceSize": { "w": 59, "h": 64 },
    "duration": 100
   },
   {
    "filename": "TOUCH-08---crafting-table 9.gif",
    "frame": { "x": 531, "y": 0, "w": 59, "h": 64 },
    "rotated": false,
    "trimmed": false,
    "spriteSourceSize": { "x": 0, "y": 0, "w": 59, "h": 64 },
    "sourceSize": { "w": 59, "h": 64 },
    "duration": 100
   },
   {
    "filename": "TOUCH-08---crafting-table 10.gif",
    "frame": { "x": 590, "y": 0, "w": 59, "h": 64 },
    "rotated": false,
    "trimmed": false,
    "spriteSourceSize": { "x": 0, "y": 0, "w": 59, "h": 64 },
    "sourceSize": { "w": 59, "h": 64 },
    "duration": 1000
   }
 ],
 "meta": {
  "app": "https://www.aseprite.org/",
  "version": "1.2.40-x64",
  "image": "TOUCH-08---crafting-table.png",
  "format": "I8",
  "size": { "w": 649, "h": 64 },
  "scale": "1",
  "frameTags": [
  ],
  "layers": [
   { "name": "Layer", "opacity": 255, "blendMode": "normal" }
  ],
  "slices": [
  ]
 }
}
