{ "frames": [
   {
    "filename": "KB-08---use-crafting-table 0.gif",
    "frame": { "x": 0, "y": 0, "w": 62, "h": 64 },
    "rotated": false,
    "trimmed": false,
    "spriteSourceSize": { "x": 0, "y": 0, "w": 62, "h": 64 },
    "sourceSize": { "w": 62, "h": 64 },
    "duration": 1000
   },
   {
    "filename": "KB-08---use-crafting-table 1.gif",
    "frame": { "x": 62, "y": 0, "w": 62, "h": 64 },
    "rotated": false,
    "trimmed": false,
    "spriteSourceSize": { "x": 0, "y": 0, "w": 62, "h": 64 },
    "sourceSize": { "w": 62, "h": 64 },
    "duration": 100
   },
   {
    "filename": "KB-08---use-crafting-table 2.gif",
    "frame": { "x": 124, "y": 0, "w": 62, "h": 64 },
    "rotated": false,
    "trimmed": false,
    "spriteSourceSize": { "x": 0, "y": 0, "w": 62, "h": 64 },
    "sourceSize": { "w": 62, "h": 64 },
    "duration": 200
   },
   {
    "filename": "KB-08---use-crafting-table 3.gif",
    "frame": { "x": 186, "y": 0, "w": 62, "h": 64 },
    "rotated": false,
    "trimmed": false,
    "spriteSourceSize": { "x": 0, "y": 0, "w": 62, "h": 64 },
    "sourceSize": { "w": 62, "h": 64 },
    "duration": 100
   }
 ],
 "meta": {
  "app": "https://www.aseprite.org/",
  "version": "1.2.40-x64",
  "image": "KB-08---use-crafting-table.png",
  "format": "I8",
  "size": { "w": 248, "h": 64 },
  "scale": "1",
  "frameTags": [
  ],
  "layers": [
   { "name": "Layer", "opacity": 255, "blendMode": "normal" }
  ],
  "slices": [
  ]
 }
}
