{ "frames": [
   {
    "filename": "emote-touch.png",
    "frame": { "x": 0, "y": 0, "w": 35, "h": 64 },
    "rotated": false,
    "trimmed": false,
    "spriteSourceSize": { "x": 0, "y": 0, "w": 35, "h": 64 },
    "sourceSize": { "w": 35, "h": 64 },
    "duration": 100
   },
   {
    "filename": "emote-touch.png",
    "frame": { "x": 35, "y": 0, "w": 35, "h": 64 },
    "rotated": false,
    "trimmed": false,
    "spriteSourceSize": { "x": 0, "y": 0, "w": 35, "h": 64 },
    "sourceSize": { "w": 35, "h": 64 },
    "duration": 100
   },
   {
    "filename": "emote-touch.png",
    "frame": { "x": 70, "y": 0, "w": 35, "h": 64 },
    "rotated": false,
    "trimmed": false,
    "spriteSourceSize": { "x": 0, "y": 0, "w": 35, "h": 64 },
    "sourceSize": { "w": 35, "h": 64 },
    "duration": 100
   },
   {
    "filename": "emote-touch.png",
    "frame": { "x": 105, "y": 0, "w": 35, "h": 64 },
    "rotated": false,
    "trimmed": false,
    "spriteSourceSize": { "x": 0, "y": 0, "w": 35, "h": 64 },
    "sourceSize": { "w": 35, "h": 64 },
    "duration": 100
   },
   {
    "filename": "emote-touch.png",
    "frame": { "x": 140, "y": 0, "w": 35, "h": 64 },
    "rotated": false,
    "trimmed": false,
    "spriteSourceSize": { "x": 0, "y": 0, "w": 35, "h": 64 },
    "sourceSize": { "w": 35, "h": 64 },
    "duration": 100
   },
   {
    "filename": "emote-touch.png",
    "frame": { "x": 175, "y": 0, "w": 35, "h": 64 },
    "rotated": false,
    "trimmed": false,
    "spriteSourceSize": { "x": 0, "y": 0, "w": 35, "h": 64 },
    "sourceSize": { "w": 35, "h": 64 },
    "duration": 100
   },
   {
    "filename": "emote-touch.png",
    "frame": { "x": 210, "y": 0, "w": 35, "h": 64 },
    "rotated": false,
    "trimmed": false,
    "spriteSourceSize": { "x": 0, "y": 0, "w": 35, "h": 64 },
    "sourceSize": { "w": 35, "h": 64 },
    "duration": 100
   },
   {
    "filename": "emote-touch.png",
    "frame": { "x": 245, "y": 0, "w": 35, "h": 64 },
    "rotated": false,
    "trimmed": false,
    "spriteSourceSize": { "x": 0, "y": 0, "w": 35, "h": 64 },
    "sourceSize": { "w": 35, "h": 64 },
    "duration": 100
   },
   {
    "filename": "emote-touch.png",
    "frame": { "x": 280, "y": 0, "w": 35, "h": 64 },
    "rotated": false,
    "trimmed": false,
    "spriteSourceSize": { "x": 0, "y": 0, "w": 35, "h": 64 },
    "sourceSize": { "w": 35, "h": 64 },
    "duration": 100
   },
   {
    "filename": "emote-touch.png",
    "frame": { "x": 315, "y": 0, "w": 35, "h": 64 },
    "rotated": false,
    "trimmed": false,
    "spriteSourceSize": { "x": 0, "y": 0, "w": 35, "h": 64 },
    "sourceSize": { "w": 35, "h": 64 },
    "duration": 100
   },
   {
    "filename": "emote-touch.png",
    "frame": { "x": 350, "y": 0, "w": 35, "h": 64 },
    "rotated": false,
    "trimmed": false,
    "spriteSourceSize": { "x": 0, "y": 0, "w": 35, "h": 64 },
    "sourceSize": { "w": 35, "h": 64 },
    "duration": 100
   },
   {
    "filename": "emote-touch.png",
    "frame": { "x": 385, "y": 0, "w": 35, "h": 64 },
    "rotated": false,
    "trimmed": false,
    "spriteSourceSize": { "x": 0, "y": 0, "w": 35, "h": 64 },
    "sourceSize": { "w": 35, "h": 64 },
    "duration": 100
   },
   {
    "filename": "emote-touch.png",
    "frame": { "x": 420, "y": 0, "w": 35, "h": 64 },
    "rotated": false,
    "trimmed": false,
    "spriteSourceSize": { "x": 0, "y": 0, "w": 35, "h": 64 },
    "sourceSize": { "w": 35, "h": 64 },
    "duration": 100
   },
   {
    "filename": "emote-touch.png",
    "frame": { "x": 455, "y": 0, "w": 35, "h": 64 },
    "rotated": false,
    "trimmed": false,
    "spriteSourceSize": { "x": 0, "y": 0, "w": 35, "h": 64 },
    "sourceSize": { "w": 35, "h": 64 },
    "duration": 100
   },
   {
    "filename": "emote-touch.png",
    "frame": { "x": 490, "y": 0, "w": 35, "h": 64 },
    "rotated": false,
    "trimmed": false,
    "spriteSourceSize": { "x": 0, "y": 0, "w": 35, "h": 64 },
    "sourceSize": { "w": 35, "h": 64 },
    "duration": 100
   }
 ],
 "meta": {
  "app": "https://www.aseprite.org/",
  "version": "1.2.40-x64",
  "image": "emote-touch.png",
  "format": "I8",
  "size": { "w": 525, "h": 64 },
  "scale": "1",
  "frameTags": [
  ],
  "layers": [
   { "name": "Layer", "opacity": 255, "blendMode": "normal" }
  ],
  "slices": [
  ]
 }
}
