{ "frames": [
   {
    "filename": "emote-mouse.gif",
    "frame": { "x": 0, "y": 0, "w": 54, "h": 64 },
    "rotated": false,
    "trimmed": false,
    "spriteSourceSize": { "x": 0, "y": 0, "w": 54, "h": 64 },
    "sourceSize": { "w": 54, "h": 64 },
    "duration": 100
   },
   {
    "filename": "emote-mouse.gif",
    "frame": { "x": 54, "y": 0, "w": 54, "h": 64 },
    "rotated": false,
    "trimmed": false,
    "spriteSourceSize": { "x": 0, "y": 0, "w": 54, "h": 64 },
    "sourceSize": { "w": 54, "h": 64 },
    "duration": 100
   },
   {
    "filename": "emote-mouse.gif",
    "frame": { "x": 108, "y": 0, "w": 54, "h": 64 },
    "rotated": false,
    "trimmed": false,
    "spriteSourceSize": { "x": 0, "y": 0, "w": 54, "h": 64 },
    "sourceSize": { "w": 54, "h": 64 },
    "duration": 100
   },
   {
    "filename": "emote-mouse.gif",
    "frame": { "x": 162, "y": 0, "w": 54, "h": 64 },
    "rotated": false,
    "trimmed": false,
    "spriteSourceSize": { "x": 0, "y": 0, "w": 54, "h": 64 },
    "sourceSize": { "w": 54, "h": 64 },
    "duration": 100
   },
   {
    "filename": "emote-mouse.gif",
    "frame": { "x": 216, "y": 0, "w": 54, "h": 64 },
    "rotated": false,
    "trimmed": false,
    "spriteSourceSize": { "x": 0, "y": 0, "w": 54, "h": 64 },
    "sourceSize": { "w": 54, "h": 64 },
    "duration": 100
   },
   {
    "filename": "emote-mouse.gif",
    "frame": { "x": 270, "y": 0, "w": 54, "h": 64 },
    "rotated": false,
    "trimmed": false,
    "spriteSourceSize": { "x": 0, "y": 0, "w": 54, "h": 64 },
    "sourceSize": { "w": 54, "h": 64 },
    "duration": 100
   },
   {
    "filename": "emote-mouse.gif",
    "frame": { "x": 324, "y": 0, "w": 54, "h": 64 },
    "rotated": false,
    "trimmed": false,
    "spriteSourceSize": { "x": 0, "y": 0, "w": 54, "h": 64 },
    "sourceSize": { "w": 54, "h": 64 },
    "duration": 100
   },
   {
    "filename": "emote-mouse.gif",
    "frame": { "x": 378, "y": 0, "w": 54, "h": 64 },
    "rotated": false,
    "trimmed": false,
    "spriteSourceSize": { "x": 0, "y": 0, "w": 54, "h": 64 },
    "sourceSize": { "w": 54, "h": 64 },
    "duration": 100
   },
   {
    "filename": "emote-mouse.gif",
    "frame": { "x": 432, "y": 0, "w": 54, "h": 64 },
    "rotated": false,
    "trimmed": false,
    "spriteSourceSize": { "x": 0, "y": 0, "w": 54, "h": 64 },
    "sourceSize": { "w": 54, "h": 64 },
    "duration": 100
   },
   {
    "filename": "emote-mouse.gif",
    "frame": { "x": 486, "y": 0, "w": 54, "h": 64 },
    "rotated": false,
    "trimmed": false,
    "spriteSourceSize": { "x": 0, "y": 0, "w": 54, "h": 64 },
    "sourceSize": { "w": 54, "h": 64 },
    "duration": 100
   },
   {
    "filename": "emote-mouse.gif",
    "frame": { "x": 540, "y": 0, "w": 54, "h": 64 },
    "rotated": false,
    "trimmed": false,
    "spriteSourceSize": { "x": 0, "y": 0, "w": 54, "h": 64 },
    "sourceSize": { "w": 54, "h": 64 },
    "duration": 100
   },
   {
    "filename": "emote-mouse.gif",
    "frame": { "x": 594, "y": 0, "w": 54, "h": 64 },
    "rotated": false,
    "trimmed": false,
    "spriteSourceSize": { "x": 0, "y": 0, "w": 54, "h": 64 },
    "sourceSize": { "w": 54, "h": 64 },
    "duration": 100
   },
   {
    "filename": "emote-mouse.gif",
    "frame": { "x": 648, "y": 0, "w": 54, "h": 64 },
    "rotated": false,
    "trimmed": false,
    "spriteSourceSize": { "x": 0, "y": 0, "w": 54, "h": 64 },
    "sourceSize": { "w": 54, "h": 64 },
    "duration": 100
   },
   {
    "filename": "emote-mouse.gif",
    "frame": { "x": 702, "y": 0, "w": 54, "h": 64 },
    "rotated": false,
    "trimmed": false,
    "spriteSourceSize": { "x": 0, "y": 0, "w": 54, "h": 64 },
    "sourceSize": { "w": 54, "h": 64 },
    "duration": 100
   },
   {
    "filename": "emote-mouse.gif",
    "frame": { "x": 756, "y": 0, "w": 54, "h": 64 },
    "rotated": false,
    "trimmed": false,
    "spriteSourceSize": { "x": 0, "y": 0, "w": 54, "h": 64 },
    "sourceSize": { "w": 54, "h": 64 },
    "duration": 100
   }
 ],
 "meta": {
  "app": "https://www.aseprite.org/",
  "version": "1.2.40-x64",
  "image": "emote-mouse.png",
  "format": "I8",
  "size": { "w": 818, "h": 64 },
  "scale": "1",
  "frameTags": [
  ],
  "layers": [
   { "name": "Layer", "opacity": 255, "blendMode": "normal" }
  ],
  "slices": [
  ]
 }
}
