{ "frames": [
   {
    "filename": "KB-11--fly 0.gif",
    "frame": { "x": 0, "y": 0, "w": 80, "h": 64 },
    "rotated": false,
    "trimmed": false,
    "spriteSourceSize": { "x": 0, "y": 0, "w": 80, "h": 64 },
    "sourceSize": { "w": 80, "h": 64 },
    "duration": 1000
   },
   {
    "filename": "KB-11--fly 1.gif",
    "frame": { "x": 80, "y": 0, "w": 80, "h": 64 },
    "rotated": false,
    "trimmed": false,
    "spriteSourceSize": { "x": 0, "y": 0, "w": 80, "h": 64 },
    "sourceSize": { "w": 80, "h": 64 },
    "duration": 100
   },
   {
    "filename": "KB-11--fly 2.gif",
    "frame": { "x": 160, "y": 0, "w": 80, "h": 64 },
    "rotated": false,
    "trimmed": false,
    "spriteSourceSize": { "x": 0, "y": 0, "w": 80, "h": 64 },
    "sourceSize": { "w": 80, "h": 64 },
    "duration": 100
   },
   {
    "filename": "KB-11--fly 3.gif",
    "frame": { "x": 240, "y": 0, "w": 80, "h": 64 },
    "rotated": false,
    "trimmed": false,
    "spriteSourceSize": { "x": 0, "y": 0, "w": 80, "h": 64 },
    "sourceSize": { "w": 80, "h": 64 },
    "duration": 100
   },
   {
    "filename": "KB-11--fly 4.gif",
    "frame": { "x": 320, "y": 0, "w": 80, "h": 64 },
    "rotated": false,
    "trimmed": false,
    "spriteSourceSize": { "x": 0, "y": 0, "w": 80, "h": 64 },
    "sourceSize": { "w": 80, "h": 64 },
    "duration": 100
   },
   {
    "filename": "KB-11--fly 5.gif",
    "frame": { "x": 400, "y": 0, "w": 80, "h": 64 },
    "rotated": false,
    "trimmed": false,
    "spriteSourceSize": { "x": 0, "y": 0, "w": 80, "h": 64 },
    "sourceSize": { "w": 80, "h": 64 },
    "duration": 100
   },
   {
    "filename": "KB-11--fly 6.gif",
    "frame": { "x": 480, "y": 0, "w": 80, "h": 64 },
    "rotated": false,
    "trimmed": false,
    "spriteSourceSize": { "x": 0, "y": 0, "w": 80, "h": 64 },
    "sourceSize": { "w": 80, "h": 64 },
    "duration": 100
   },
   {
    "filename": "KB-11--fly 7.gif",
    "frame": { "x": 560, "y": 0, "w": 80, "h": 64 },
    "rotated": false,
    "trimmed": false,
    "spriteSourceSize": { "x": 0, "y": 0, "w": 80, "h": 64 },
    "sourceSize": { "w": 80, "h": 64 },
    "duration": 100
   },
   {
    "filename": "KB-11--fly 8.gif",
    "frame": { "x": 640, "y": 0, "w": 80, "h": 64 },
    "rotated": false,
    "trimmed": false,
    "spriteSourceSize": { "x": 0, "y": 0, "w": 80, "h": 64 },
    "sourceSize": { "w": 80, "h": 64 },
    "duration": 100
   },
   {
    "filename": "KB-11--fly 9.gif",
    "frame": { "x": 720, "y": 0, "w": 80, "h": 64 },
    "rotated": false,
    "trimmed": false,
    "spriteSourceSize": { "x": 0, "y": 0, "w": 80, "h": 64 },
    "sourceSize": { "w": 80, "h": 64 },
    "duration": 100
   },
   {
    "filename": "KB-11--fly 10.gif",
    "frame": { "x": 800, "y": 0, "w": 80, "h": 64 },
    "rotated": false,
    "trimmed": false,
    "spriteSourceSize": { "x": 0, "y": 0, "w": 80, "h": 64 },
    "sourceSize": { "w": 80, "h": 64 },
    "duration": 100
   },
   {
    "filename": "KB-11--fly 11.gif",
    "frame": { "x": 880, "y": 0, "w": 80, "h": 64 },
    "rotated": false,
    "trimmed": false,
    "spriteSourceSize": { "x": 0, "y": 0, "w": 80, "h": 64 },
    "sourceSize": { "w": 80, "h": 64 },
    "duration": 100
   },
   {
    "filename": "KB-11--fly 12.gif",
    "frame": { "x": 960, "y": 0, "w": 80, "h": 64 },
    "rotated": false,
    "trimmed": false,
    "spriteSourceSize": { "x": 0, "y": 0, "w": 80, "h": 64 },
    "sourceSize": { "w": 80, "h": 64 },
    "duration": 100
   },
   {
    "filename": "KB-11--fly 13.gif",
    "frame": { "x": 1040, "y": 0, "w": 80, "h": 64 },
    "rotated": false,
    "trimmed": false,
    "spriteSourceSize": { "x": 0, "y": 0, "w": 80, "h": 64 },
    "sourceSize": { "w": 80, "h": 64 },
    "duration": 100
   },
   {
    "filename": "KB-11--fly 14.gif",
    "frame": { "x": 1120, "y": 0, "w": 80, "h": 64 },
    "rotated": false,
    "trimmed": false,
    "spriteSourceSize": { "x": 0, "y": 0, "w": 80, "h": 64 },
    "sourceSize": { "w": 80, "h": 64 },
    "duration": 100
   },
   {
    "filename": "KB-11--fly 15.gif",
    "frame": { "x": 1200, "y": 0, "w": 80, "h": 64 },
    "rotated": false,
    "trimmed": false,
    "spriteSourceSize": { "x": 0, "y": 0, "w": 80, "h": 64 },
    "sourceSize": { "w": 80, "h": 64 },
    "duration": 100
   },
   {
    "filename": "KB-11--fly 16.gif",
    "frame": { "x": 1280, "y": 0, "w": 80, "h": 64 },
    "rotated": false,
    "trimmed": false,
    "spriteSourceSize": { "x": 0, "y": 0, "w": 80, "h": 64 },
    "sourceSize": { "w": 80, "h": 64 },
    "duration": 100
   },
   {
    "filename": "KB-11--fly 17.gif",
    "frame": { "x": 1360, "y": 0, "w": 80, "h": 64 },
    "rotated": false,
    "trimmed": false,
    "spriteSourceSize": { "x": 0, "y": 0, "w": 80, "h": 64 },
    "sourceSize": { "w": 80, "h": 64 },
    "duration": 100
   },
   {
    "filename": "KB-11--fly 18.gif",
    "frame": { "x": 1440, "y": 0, "w": 80, "h": 64 },
    "rotated": false,
    "trimmed": false,
    "spriteSourceSize": { "x": 0, "y": 0, "w": 80, "h": 64 },
    "sourceSize": { "w": 80, "h": 64 },
    "duration": 100
   },
   {
    "filename": "KB-11--fly 19.gif",
    "frame": { "x": 1520, "y": 0, "w": 80, "h": 64 },
    "rotated": false,
    "trimmed": false,
    "spriteSourceSize": { "x": 0, "y": 0, "w": 80, "h": 64 },
    "sourceSize": { "w": 80, "h": 64 },
    "duration": 100
   },
   {
    "filename": "KB-11--fly 20.gif",
    "frame": { "x": 1600, "y": 0, "w": 80, "h": 64 },
    "rotated": false,
    "trimmed": false,
    "spriteSourceSize": { "x": 0, "y": 0, "w": 80, "h": 64 },
    "sourceSize": { "w": 80, "h": 64 },
    "duration": 100
   },
   {
    "filename": "KB-11--fly 21.gif",
    "frame": { "x": 1680, "y": 0, "w": 80, "h": 64 },
    "rotated": false,
    "trimmed": false,
    "spriteSourceSize": { "x": 0, "y": 0, "w": 80, "h": 64 },
    "sourceSize": { "w": 80, "h": 64 },
    "duration": 100
   },
   {
    "filename": "KB-11--fly 22.gif",
    "frame": { "x": 1760, "y": 0, "w": 80, "h": 64 },
    "rotated": false,
    "trimmed": false,
    "spriteSourceSize": { "x": 0, "y": 0, "w": 80, "h": 64 },
    "sourceSize": { "w": 80, "h": 64 },
    "duration": 100
   }
 ],
 "meta": {
  "app": "https://www.aseprite.org/",
  "version": "1.2.40-x64",
  "image": "KB-11--fly.png",
  "format": "I8",
  "size": { "w": 1840, "h": 64 },
  "scale": "1",
  "frameTags": [
  ],
  "layers": [
   { "name": "Layer", "opacity": 255, "blendMode": "normal" }
  ],
  "slices": [
  ]
 }
}
