{ "frames": [
   {
    "filename": "KB-11--fly-up 0.gif",
    "frame": { "x": 0, "y": 0, "w": 79, "h": 64 },
    "rotated": false,
    "trimmed": false,
    "spriteSourceSize": { "x": 0, "y": 0, "w": 79, "h": 64 },
    "sourceSize": { "w": 79, "h": 64 },
    "duration": 100
   },
   {
    "filename": "KB-11--fly-up 1.gif",
    "frame": { "x": 79, "y": 0, "w": 79, "h": 64 },
    "rotated": false,
    "trimmed": false,
    "spriteSourceSize": { "x": 0, "y": 0, "w": 79, "h": 64 },
    "sourceSize": { "w": 79, "h": 64 },
    "duration": 100
   },
   {
    "filename": "KB-11--fly-up 2.gif",
    "frame": { "x": 158, "y": 0, "w": 79, "h": 64 },
    "rotated": false,
    "trimmed": false,
    "spriteSourceSize": { "x": 0, "y": 0, "w": 79, "h": 64 },
    "sourceSize": { "w": 79, "h": 64 },
    "duration": 100
   },
   {
    "filename": "KB-11--fly-up 3.gif",
    "frame": { "x": 237, "y": 0, "w": 79, "h": 64 },
    "rotated": false,
    "trimmed": false,
    "spriteSourceSize": { "x": 0, "y": 0, "w": 79, "h": 64 },
    "sourceSize": { "w": 79, "h": 64 },
    "duration": 100
   },
   {
    "filename": "KB-11--fly-up 4.gif",
    "frame": { "x": 316, "y": 0, "w": 79, "h": 64 },
    "rotated": false,
    "trimmed": false,
    "spriteSourceSize": { "x": 0, "y": 0, "w": 79, "h": 64 },
    "sourceSize": { "w": 79, "h": 64 },
    "duration": 100
   },
   {
    "filename": "KB-11--fly-up 5.gif",
    "frame": { "x": 395, "y": 0, "w": 79, "h": 64 },
    "rotated": false,
    "trimmed": false,
    "spriteSourceSize": { "x": 0, "y": 0, "w": 79, "h": 64 },
    "sourceSize": { "w": 79, "h": 64 },
    "duration": 100
   },
   {
    "filename": "KB-11--fly-up 6.gif",
    "frame": { "x": 474, "y": 0, "w": 79, "h": 64 },
    "rotated": false,
    "trimmed": false,
    "spriteSourceSize": { "x": 0, "y": 0, "w": 79, "h": 64 },
    "sourceSize": { "w": 79, "h": 64 },
    "duration": 100
   },
   {
    "filename": "KB-11--fly-up 7.gif",
    "frame": { "x": 553, "y": 0, "w": 79, "h": 64 },
    "rotated": false,
    "trimmed": false,
    "spriteSourceSize": { "x": 0, "y": 0, "w": 79, "h": 64 },
    "sourceSize": { "w": 79, "h": 64 },
    "duration": 100
   },
   {
    "filename": "KB-11--fly-up 8.gif",
    "frame": { "x": 632, "y": 0, "w": 79, "h": 64 },
    "rotated": false,
    "trimmed": false,
    "spriteSourceSize": { "x": 0, "y": 0, "w": 79, "h": 64 },
    "sourceSize": { "w": 79, "h": 64 },
    "duration": 100
   },
   {
    "filename": "KB-11--fly-up 9.gif",
    "frame": { "x": 711, "y": 0, "w": 79, "h": 64 },
    "rotated": false,
    "trimmed": false,
    "spriteSourceSize": { "x": 0, "y": 0, "w": 79, "h": 64 },
    "sourceSize": { "w": 79, "h": 64 },
    "duration": 100
   },
   {
    "filename": "KB-11--fly-up 10.gif",
    "frame": { "x": 790, "y": 0, "w": 79, "h": 64 },
    "rotated": false,
    "trimmed": false,
    "spriteSourceSize": { "x": 0, "y": 0, "w": 79, "h": 64 },
    "sourceSize": { "w": 79, "h": 64 },
    "duration": 100
   },
   {
    "filename": "KB-11--fly-up 11.gif",
    "frame": { "x": 869, "y": 0, "w": 79, "h": 64 },
    "rotated": false,
    "trimmed": false,
    "spriteSourceSize": { "x": 0, "y": 0, "w": 79, "h": 64 },
    "sourceSize": { "w": 79, "h": 64 },
    "duration": 100
   },
   {
    "filename": "KB-11--fly-up 12.gif",
    "frame": { "x": 948, "y": 0, "w": 79, "h": 64 },
    "rotated": false,
    "trimmed": false,
    "spriteSourceSize": { "x": 0, "y": 0, "w": 79, "h": 64 },
    "sourceSize": { "w": 79, "h": 64 },
    "duration": 100
   }
 ],
 "meta": {
  "app": "https://www.aseprite.org/",
  "version": "1.2.40-x64",
  "image": "KB-11--fly-up.png",
  "format": "I8",
  "size": { "w": 1027, "h": 64 },
  "scale": "1",
  "frameTags": [
  ],
  "layers": [
   { "name": "Layer", "opacity": 255, "blendMode": "normal" }
  ],
  "slices": [
  ]
 }
}
