{ "frames": [
   {
    "filename": "TOUCH-10---fly 0.gif",
    "frame": { "x": 0, "y": 0, "w": 49, "h": 64 },
    "rotated": false,
    "trimmed": false,
    "spriteSourceSize": { "x": 0, "y": 0, "w": 49, "h": 64 },
    "sourceSize": { "w": 49, "h": 64 },
    "duration": 1000
   },
   {
    "filename": "TOUCH-10---fly 1.gif",
    "frame": { "x": 49, "y": 0, "w": 49, "h": 64 },
    "rotated": false,
    "trimmed": false,
    "spriteSourceSize": { "x": 0, "y": 0, "w": 49, "h": 64 },
    "sourceSize": { "w": 49, "h": 64 },
    "duration": 100
   },
   {
    "filename": "TOUCH-10---fly 2.gif",
    "frame": { "x": 98, "y": 0, "w": 49, "h": 64 },
    "rotated": false,
    "trimmed": false,
    "spriteSourceSize": { "x": 0, "y": 0, "w": 49, "h": 64 },
    "sourceSize": { "w": 49, "h": 64 },
    "duration": 100
   },
   {
    "filename": "TOUCH-10---fly 3.gif",
    "frame": { "x": 147, "y": 0, "w": 49, "h": 64 },
    "rotated": false,
    "trimmed": false,
    "spriteSourceSize": { "x": 0, "y": 0, "w": 49, "h": 64 },
    "sourceSize": { "w": 49, "h": 64 },
    "duration": 100
   },
   {
    "filename": "TOUCH-10---fly 4.gif",
    "frame": { "x": 196, "y": 0, "w": 49, "h": 64 },
    "rotated": false,
    "trimmed": false,
    "spriteSourceSize": { "x": 0, "y": 0, "w": 49, "h": 64 },
    "sourceSize": { "w": 49, "h": 64 },
    "duration": 100
   },
   {
    "filename": "TOUCH-10---fly 5.gif",
    "frame": { "x": 245, "y": 0, "w": 49, "h": 64 },
    "rotated": false,
    "trimmed": false,
    "spriteSourceSize": { "x": 0, "y": 0, "w": 49, "h": 64 },
    "sourceSize": { "w": 49, "h": 64 },
    "duration": 100
   },
   {
    "filename": "TOUCH-10---fly 6.gif",
    "frame": { "x": 294, "y": 0, "w": 49, "h": 64 },
    "rotated": false,
    "trimmed": false,
    "spriteSourceSize": { "x": 0, "y": 0, "w": 49, "h": 64 },
    "sourceSize": { "w": 49, "h": 64 },
    "duration": 100
   },
   {
    "filename": "TOUCH-10---fly 7.gif",
    "frame": { "x": 343, "y": 0, "w": 49, "h": 64 },
    "rotated": false,
    "trimmed": false,
    "spriteSourceSize": { "x": 0, "y": 0, "w": 49, "h": 64 },
    "sourceSize": { "w": 49, "h": 64 },
    "duration": 100
   },
   {
    "filename": "TOUCH-10---fly 8.gif",
    "frame": { "x": 392, "y": 0, "w": 49, "h": 64 },
    "rotated": false,
    "trimmed": false,
    "spriteSourceSize": { "x": 0, "y": 0, "w": 49, "h": 64 },
    "sourceSize": { "w": 49, "h": 64 },
    "duration": 100
   },
   {
    "filename": "TOUCH-10---fly 9.gif",
    "frame": { "x": 441, "y": 0, "w": 49, "h": 64 },
    "rotated": false,
    "trimmed": false,
    "spriteSourceSize": { "x": 0, "y": 0, "w": 49, "h": 64 },
    "sourceSize": { "w": 49, "h": 64 },
    "duration": 100
   },
   {
    "filename": "TOUCH-10---fly 10.gif",
    "frame": { "x": 490, "y": 0, "w": 49, "h": 64 },
    "rotated": false,
    "trimmed": false,
    "spriteSourceSize": { "x": 0, "y": 0, "w": 49, "h": 64 },
    "sourceSize": { "w": 49, "h": 64 },
    "duration": 100
   },
   {
    "filename": "TOUCH-10---fly 11.gif",
    "frame": { "x": 539, "y": 0, "w": 49, "h": 64 },
    "rotated": false,
    "trimmed": false,
    "spriteSourceSize": { "x": 0, "y": 0, "w": 49, "h": 64 },
    "sourceSize": { "w": 49, "h": 64 },
    "duration": 100
   },
   {
    "filename": "TOUCH-10---fly 12.gif",
    "frame": { "x": 588, "y": 0, "w": 49, "h": 64 },
    "rotated": false,
    "trimmed": false,
    "spriteSourceSize": { "x": 0, "y": 0, "w": 49, "h": 64 },
    "sourceSize": { "w": 49, "h": 64 },
    "duration": 100
   },
   {
    "filename": "TOUCH-10---fly 13.gif",
    "frame": { "x": 637, "y": 0, "w": 49, "h": 64 },
    "rotated": false,
    "trimmed": false,
    "spriteSourceSize": { "x": 0, "y": 0, "w": 49, "h": 64 },
    "sourceSize": { "w": 49, "h": 64 },
    "duration": 100
   },
   {
    "filename": "TOUCH-10---fly 14.gif",
    "frame": { "x": 686, "y": 0, "w": 49, "h": 64 },
    "rotated": false,
    "trimmed": false,
    "spriteSourceSize": { "x": 0, "y": 0, "w": 49, "h": 64 },
    "sourceSize": { "w": 49, "h": 64 },
    "duration": 100
   },
   {
    "filename": "TOUCH-10---fly 15.gif",
    "frame": { "x": 735, "y": 0, "w": 49, "h": 64 },
    "rotated": false,
    "trimmed": false,
    "spriteSourceSize": { "x": 0, "y": 0, "w": 49, "h": 64 },
    "sourceSize": { "w": 49, "h": 64 },
    "duration": 100
   },
   {
    "filename": "TOUCH-10---fly 16.gif",
    "frame": { "x": 784, "y": 0, "w": 49, "h": 64 },
    "rotated": false,
    "trimmed": false,
    "spriteSourceSize": { "x": 0, "y": 0, "w": 49, "h": 64 },
    "sourceSize": { "w": 49, "h": 64 },
    "duration": 100
   },
   {
    "filename": "TOUCH-10---fly 17.gif",
    "frame": { "x": 833, "y": 0, "w": 49, "h": 64 },
    "rotated": false,
    "trimmed": false,
    "spriteSourceSize": { "x": 0, "y": 0, "w": 49, "h": 64 },
    "sourceSize": { "w": 49, "h": 64 },
    "duration": 100
   },
   {
    "filename": "TOUCH-10---fly 18.gif",
    "frame": { "x": 882, "y": 0, "w": 49, "h": 64 },
    "rotated": false,
    "trimmed": false,
    "spriteSourceSize": { "x": 0, "y": 0, "w": 49, "h": 64 },
    "sourceSize": { "w": 49, "h": 64 },
    "duration": 100
   },
   {
    "filename": "TOUCH-10---fly 19.gif",
    "frame": { "x": 931, "y": 0, "w": 49, "h": 64 },
    "rotated": false,
    "trimmed": false,
    "spriteSourceSize": { "x": 0, "y": 0, "w": 49, "h": 64 },
    "sourceSize": { "w": 49, "h": 64 },
    "duration": 100
   },
   {
    "filename": "TOUCH-10---fly 20.gif",
    "frame": { "x": 980, "y": 0, "w": 49, "h": 64 },
    "rotated": false,
    "trimmed": false,
    "spriteSourceSize": { "x": 0, "y": 0, "w": 49, "h": 64 },
    "sourceSize": { "w": 49, "h": 64 },
    "duration": 100
   },
   {
    "filename": "TOUCH-10---fly 21.gif",
    "frame": { "x": 1029, "y": 0, "w": 49, "h": 64 },
    "rotated": false,
    "trimmed": false,
    "spriteSourceSize": { "x": 0, "y": 0, "w": 49, "h": 64 },
    "sourceSize": { "w": 49, "h": 64 },
    "duration": 100
   },
   {
    "filename": "TOUCH-10---fly 22.gif",
    "frame": { "x": 1078, "y": 0, "w": 49, "h": 64 },
    "rotated": false,
    "trimmed": false,
    "spriteSourceSize": { "x": 0, "y": 0, "w": 49, "h": 64 },
    "sourceSize": { "w": 49, "h": 64 },
    "duration": 100
   }
 ],
 "meta": {
  "app": "https://www.aseprite.org/",
  "version": "1.2.40-x64",
  "image": "TOUCH-10---fly.png",
  "format": "I8",
  "size": { "w": 1127, "h": 64 },
  "scale": "1",
  "frameTags": [
  ],
  "layers": [
   { "name": "Layer", "opacity": 255, "blendMode": "normal" }
  ],
  "slices": [
  ]
 }
}
