{
  "frames": [
    {
      "filename": "KB-06---hotbar 0.gif",
      "frame": {
        "x": 7,
        "y": 0,
        "w": 57,
        "h": 64
      },
      "rotated": false,
      "trimmed": false,
      "spriteSourceSize": {
        "x": 0,
        "y": 0,
        "w": 64,
        "h": 64
      },
      "sourceSize": {
        "w": 64,
        "h": 64
      },
      "duration": 1000
    },
    {
      "filename": "KB-06---hotbar 1.gif",
      "frame": {
        "x": 71,
        "y": 0,
        "w": 57,
        "h": 64
      },
      "rotated": false,
      "trimmed": false,
      "spriteSourceSize": {
        "x": 0,
        "y": 0,
        "w": 64,
        "h": 64
      },
      "sourceSize": {
        "w": 64,
        "h": 64
      },
      "duration": 500
    },
    {
      "filename": "KB-06---hotbar 2.gif",
      "frame": {
        "x": 135,
        "y": 0,
        "w": 57,
        "h": 64
      },
      "rotated": false,
      "trimmed": false,
      "spriteSourceSize": {
        "x": 0,
        "y": 0,
        "w": 64,
        "h": 64
      },
      "sourceSize": {
        "w": 64,
        "h": 64
      },
      "duration": 500
    },
    {
      "filename": "KB-06---hotbar 3.gif",
      "frame": {
        "x": 199,
        "y": 0,
        "w": 57,
        "h": 64
      },
      "rotated": false,
      "trimmed": false,
      "spriteSourceSize": {
        "x": 0,
        "y": 0,
        "w": 64,
        "h": 64
      },
      "sourceSize": {
        "w": 64,
        "h": 64
      },
      "duration": 500
    },
    {
      "filename": "KB-06---hotbar 4.gif",
      "frame": {
        "x": 263,
        "y": 0,
        "w": 57,
        "h": 64
      },
      "rotated": false,
      "trimmed": false,
      "spriteSourceSize": {
        "x": 0,
        "y": 0,
        "w": 64,
        "h": 64
      },
      "sourceSize": {
        "w": 64,
        "h": 64
      },
      "duration": 500
    },
    {
      "filename": "KB-06---hotbar 5.gif",
      "frame": {
        "x": 327,
        "y": 0,
        "w": 57,
        "h": 64
      },
      "rotated": false,
      "trimmed": false,
      "spriteSourceSize": {
        "x": 0,
        "y": 0,
        "w": 64,
        "h": 64
      },
      "sourceSize": {
        "w": 64,
        "h": 64
      },
      "duration": 500
    },
    {
      "filename": "KB-06---hotbar 6.gif",
      "frame": {
        "x": 391,
        "y": 0,
        "w": 57,
        "h": 64
      },
      "rotated": false,
      "trimmed": false,
      "spriteSourceSize": {
        "x": 0,
        "y": 0,
        "w": 64,
        "h": 64
      },
      "sourceSize": {
        "w": 64,
        "h": 64
      },
      "duration": 500
    },
    {
      "filename": "KB-06---hotbar 7.gif",
      "frame": {
        "x": 455,
        "y": 0,
        "w": 57,
        "h": 64
      },
      "rotated": false,
      "trimmed": false,
      "spriteSourceSize": {
        "x": 0,
        "y": 0,
        "w": 64,
        "h": 64
      },
      "sourceSize": {
        "w": 64,
        "h": 64
      },
      "duration": 500
    },
    {
      "filename": "KB-06---hotbar 8.gif",
      "frame": {
        "x": 519,
        "y": 0,
        "w": 57,
        "h": 64
      },
      "rotated": false,
      "trimmed": false,
      "spriteSourceSize": {
        "x": 0,
        "y": 0,
        "w": 64,
        "h": 64
      },
      "sourceSize": {
        "w": 64,
        "h": 64
      },
      "duration": 500
    }
  ],
  "meta": {
    "app": "https://www.aseprite.org/",
    "version": "1.2.40-x64",
    "image": "KB-06---hotbar.png",
    "format": "I8",
    "size": {
      "w": 576,
      "h": 64
    },
    "scale": "1",
    "frameTags": [],
    "layers": [
      {
        "name": "Layer",
        "opacity": 255,
        "blendMode": "normal"
      }
    ],
    "slices": []
  }
}