{
  "frames": [
    {
      "filename": "TOUCH-01---walk- 0.gif",
      "frame": {
        "x": 11,
        "y": 0,
        "w": 34,
        "h": 64
      },
      "rotated": false,
      "trimmed": false,
      "spriteSourceSize": {
        "x": 0,
        "y": 0,
        "w": 45,
        "h": 64
      },
      "sourceSize": {
        "w": 45,
        "h": 64
      },
      "duration": 200
    },
    {
      "filename": "TOUCH-01---walk- 1.gif",
      "frame": {
        "x": 56,
        "y": 0,
        "w": 34,
        "h": 64
      },
      "rotated": false,
      "trimmed": false,
      "spriteSourceSize": {
        "x": 0,
        "y": 0,
        "w": 45,
        "h": 64
      },
      "sourceSize": {
        "w": 45,
        "h": 64
      },
      "duration": 200
    },
    {
      "filename": "TOUCH-01---walk- 2.gif",
      "frame": {
        "x": 101,
        "y": 0,
        "w": 34,
        "h": 64
      },
      "rotated": false,
      "trimmed": false,
      "spriteSourceSize": {
        "x": 0,
        "y": 0,
        "w": 45,
        "h": 64
      },
      "sourceSize": {
        "w": 45,
        "h": 64
      },
      "duration": 200
    },
    {
      "filename": "TOUCH-01---walk- 3.gif",
      "frame": {
        "x": 146,
        "y": 0,
        "w": 34,
        "h": 64
      },
      "rotated": false,
      "trimmed": false,
      "spriteSourceSize": {
        "x": 0,
        "y": 0,
        "w": 45,
        "h": 64
      },
      "sourceSize": {
        "w": 45,
        "h": 64
      },
      "duration": 200
    },
    {
      "filename": "TOUCH-01---walk- 4.gif",
      "frame": {
        "x": 191,
        "y": 0,
        "w": 34,
        "h": 64
      },
      "rotated": false,
      "trimmed": false,
      "spriteSourceSize": {
        "x": 0,
        "y": 0,
        "w": 45,
        "h": 64
      },
      "sourceSize": {
        "w": 45,
        "h": 64
      },
      "duration": 200
    },
    {
      "filename": "TOUCH-01---walk- 5.gif",
      "frame": {
        "x": 236,
        "y": 0,
        "w": 34,
        "h": 64
      },
      "rotated": false,
      "trimmed": false,
      "spriteSourceSize": {
        "x": 0,
        "y": 0,
        "w": 45,
        "h": 64
      },
      "sourceSize": {
        "w": 45,
        "h": 64
      },
      "duration": 200
    }
  ],
  "meta": {
    "app": "https://www.aseprite.org/",
    "version": "1.2.40-x64",
    "image": "TOUCH-01---walk-.png",
    "format": "I8",
    "size": {
      "w": 270,
      "h": 64
    },
    "scale": "1",
    "frameTags": [],
    "layers": [
      {
        "name": "Layer",
        "opacity": 255,
        "blendMode": "normal"
      }
    ],
    "slices": []
  }
}
