{
  "frames": [
    {
      "filename": "TOUCH-05---place-block 0.gif",
      "frame": {
        "x": 1,
        "y": 0,
        "w": 64,
        "h": 64
      },
      "rotated": false,
      "trimmed": false,
      "spriteSourceSize": {
        "x": 0,
        "y": 0,
        "w": 65,
        "h": 64
      },
      "sourceSize": {
        "w": 65,
        "h": 64
      },
      "duration": 1000
    },
    {
      "filename": "TOUCH-05---place-block 1.gif",
      "frame": {
        "x": 66,
        "y": 0,
        "w": 64,
        "h": 64
      },
      "rotated": false,
      "trimmed": false,
      "spriteSourceSize": {
        "x": 0,
        "y": 0,
        "w": 65,
        "h": 64
      },
      "sourceSize": {
        "w": 65,
        "h": 64
      },
      "duration": 100
    },
    {
      "filename": "TOUCH-05---place-block 2.gif",
      "frame": {
        "x": 131,
        "y": 0,
        "w": 64,
        "h": 64
      },
      "rotated": false,
      "trimmed": false,
      "spriteSourceSize": {
        "x": 0,
        "y": 0,
        "w": 65,
        "h": 64
      },
      "sourceSize": {
        "w": 65,
        "h": 64
      },
      "duration": 200
    },
    {
      "filename": "TOUCH-05---place-block 3.gif",
      "frame": {
        "x": 196,
        "y": 0,
        "w": 64,
        "h": 64
      },
      "rotated": false,
      "trimmed": false,
      "spriteSourceSize": {
        "x": 0,
        "y": 0,
        "w": 65,
        "h": 64
      },
      "sourceSize": {
        "w": 65,
        "h": 64
      },
      "duration": 100
    },
    {
      "filename": "TOUCH-05---place-block 4.gif",
      "frame": {
        "x": 261,
        "y": 0,
        "w": 64,
        "h": 64
      },
      "rotated": false,
      "trimmed": false,
      "spriteSourceSize": {
        "x": 0,
        "y": 0,
        "w": 65,
        "h": 64
      },
      "sourceSize": {
        "w": 65,
        "h": 64
      },
      "duration": 100
    },
    {
      "filename": "TOUCH-05---place-block 5.gif",
      "frame": {
        "x": 326,
        "y": 0,
        "w": 64,
        "h": 64
      },
      "rotated": false,
      "trimmed": false,
      "spriteSourceSize": {
        "x": 0,
        "y": 0,
        "w": 65,
        "h": 64
      },
      "sourceSize": {
        "w": 65,
        "h": 64
      },
      "duration": 100
    },
    {
      "filename": "TOUCH-05---place-block 6.gif",
      "frame": {
        "x": 391,
        "y": 0,
        "w": 64,
        "h": 64
      },
      "rotated": false,
      "trimmed": false,
      "spriteSourceSize": {
        "x": 0,
        "y": 0,
        "w": 65,
        "h": 64
      },
      "sourceSize": {
        "w": 65,
        "h": 64
      },
      "duration": 100
    },
    {
      "filename": "TOUCH-05---place-block 7.gif",
      "frame": {
        "x": 456,
        "y": 0,
        "w": 64,
        "h": 64
      },
      "rotated": false,
      "trimmed": false,
      "spriteSourceSize": {
        "x": 0,
        "y": 0,
        "w": 65,
        "h": 64
      },
      "sourceSize": {
        "w": 65,
        "h": 64
      },
      "duration": 100
    },
    {
      "filename": "TOUCH-05---place-block 8.gif",
      "frame": {
        "x": 521,
        "y": 0,
        "w": 64,
        "h": 64
      },
      "rotated": false,
      "trimmed": false,
      "spriteSourceSize": {
        "x": 0,
        "y": 0,
        "w": 65,
        "h": 64
      },
      "sourceSize": {
        "w": 65,
        "h": 64
      },
      "duration": 100
    },
    {
      "filename": "TOUCH-05---place-block 9.gif",
      "frame": {
        "x": 586,
        "y": 0,
        "w": 64,
        "h": 64
      },
      "rotated": false,
      "trimmed": false,
      "spriteSourceSize": {
        "x": 0,
        "y": 0,
        "w": 65,
        "h": 64
      },
      "sourceSize": {
        "w": 65,
        "h": 64
      },
      "duration": 100
    },
    {
      "filename": "TOUCH-05---place-block 10.gif",
      "frame": {
        "x": 651,
        "y": 0,
        "w": 64,
        "h": 64
      },
      "rotated": false,
      "trimmed": false,
      "spriteSourceSize": {
        "x": 0,
        "y": 0,
        "w": 65,
        "h": 64
      },
      "sourceSize": {
        "w": 65,
        "h": 64
      },
      "duration": 1000
    }
  ],
  "meta": {
    "app": "https://www.aseprite.org/",
    "version": "1.2.40-x64",
    "image": "TOUCH-05---place-block.png",
    "format": "I8",
    "size": {
      "w": 715,
      "h": 64
    },
    "scale": "1",
    "frameTags": [],
    "layers": [
      {
        "name": "Layer",
        "opacity": 255,
        "blendMode": "normal"
      }
    ],
    "slices": []
  }
}
