{ "frames": [
   {
    "filename": "TOUCH-10---stop-fly 0.gif",
    "frame": { "x": 0, "y": 0, "w": 48, "h": 64 },
    "rotated": false,
    "trimmed": false,
    "spriteSourceSize": { "x": 0, "y": 0, "w": 48, "h": 64 },
    "sourceSize": { "w": 48, "h": 64 },
    "duration": 100
   },
   {
    "filename": "TOUCH-10---stop-fly 1.gif",
    "frame": { "x": 48, "y": 0, "w": 48, "h": 64 },
    "rotated": false,
    "trimmed": false,
    "spriteSourceSize": { "x": 0, "y": 0, "w": 48, "h": 64 },
    "sourceSize": { "w": 48, "h": 64 },
    "duration": 100
   },
   {
    "filename": "TOUCH-10---stop-fly 2.gif",
    "frame": { "x": 96, "y": 0, "w": 48, "h": 64 },
    "rotated": false,
    "trimmed": false,
    "spriteSourceSize": { "x": 0, "y": 0, "w": 48, "h": 64 },
    "sourceSize": { "w": 48, "h": 64 },
    "duration": 100
   },
   {
    "filename": "TOUCH-10---stop-fly 3.gif",
    "frame": { "x": 144, "y": 0, "w": 48, "h": 64 },
    "rotated": false,
    "trimmed": false,
    "spriteSourceSize": { "x": 0, "y": 0, "w": 48, "h": 64 },
    "sourceSize": { "w": 48, "h": 64 },
    "duration": 100
   },
   {
    "filename": "TOUCH-10---stop-fly 4.gif",
    "frame": { "x": 192, "y": 0, "w": 48, "h": 64 },
    "rotated": false,
    "trimmed": false,
    "spriteSourceSize": { "x": 0, "y": 0, "w": 48, "h": 64 },
    "sourceSize": { "w": 48, "h": 64 },
    "duration": 100
   },
   {
    "filename": "TOUCH-10---stop-fly 5.gif",
    "frame": { "x": 240, "y": 0, "w": 48, "h": 64 },
    "rotated": false,
    "trimmed": false,
    "spriteSourceSize": { "x": 0, "y": 0, "w": 48, "h": 64 },
    "sourceSize": { "w": 48, "h": 64 },
    "duration": 100
   },
   {
    "filename": "TOUCH-10---stop-fly 6.gif",
    "frame": { "x": 288, "y": 0, "w": 48, "h": 64 },
    "rotated": false,
    "trimmed": false,
    "spriteSourceSize": { "x": 0, "y": 0, "w": 48, "h": 64 },
    "sourceSize": { "w": 48, "h": 64 },
    "duration": 100
   },
   {
    "filename": "TOUCH-10---stop-fly 7.gif",
    "frame": { "x": 336, "y": 0, "w": 48, "h": 64 },
    "rotated": false,
    "trimmed": false,
    "spriteSourceSize": { "x": 0, "y": 0, "w": 48, "h": 64 },
    "sourceSize": { "w": 48, "h": 64 },
    "duration": 100
   },
   {
    "filename": "TOUCH-10---stop-fly 8.gif",
    "frame": { "x": 384, "y": 0, "w": 48, "h": 64 },
    "rotated": false,
    "trimmed": false,
    "spriteSourceSize": { "x": 0, "y": 0, "w": 48, "h": 64 },
    "sourceSize": { "w": 48, "h": 64 },
    "duration": 100
   },
   {
    "filename": "TOUCH-10---stop-fly 9.gif",
    "frame": { "x": 432, "y": 0, "w": 48, "h": 64 },
    "rotated": false,
    "trimmed": false,
    "spriteSourceSize": { "x": 0, "y": 0, "w": 48, "h": 64 },
    "sourceSize": { "w": 48, "h": 64 },
    "duration": 100
   },
   {
    "filename": "TOUCH-10---stop-fly 10.gif",
    "frame": { "x": 480, "y": 0, "w": 48, "h": 64 },
    "rotated": false,
    "trimmed": false,
    "spriteSourceSize": { "x": 0, "y": 0, "w": 48, "h": 64 },
    "sourceSize": { "w": 48, "h": 64 },
    "duration": 100
   },
   {
    "filename": "TOUCH-10---stop-fly 11.gif",
    "frame": { "x": 528, "y": 0, "w": 48, "h": 64 },
    "rotated": false,
    "trimmed": false,
    "spriteSourceSize": { "x": 0, "y": 0, "w": 48, "h": 64 },
    "sourceSize": { "w": 48, "h": 64 },
    "duration": 100
   },
   {
    "filename": "TOUCH-10---stop-fly 12.gif",
    "frame": { "x": 576, "y": 0, "w": 48, "h": 64 },
    "rotated": false,
    "trimmed": false,
    "spriteSourceSize": { "x": 0, "y": 0, "w": 48, "h": 64 },
    "sourceSize": { "w": 48, "h": 64 },
    "duration": 100
   },
   {
    "filename": "TOUCH-10---stop-fly 13.gif",
    "frame": { "x": 624, "y": 0, "w": 48, "h": 64 },
    "rotated": false,
    "trimmed": false,
    "spriteSourceSize": { "x": 0, "y": 0, "w": 48, "h": 64 },
    "sourceSize": { "w": 48, "h": 64 },
    "duration": 100
   },
   {
    "filename": "TOUCH-10---stop-fly 14.gif",
    "frame": { "x": 672, "y": 0, "w": 48, "h": 64 },
    "rotated": false,
    "trimmed": false,
    "spriteSourceSize": { "x": 0, "y": 0, "w": 48, "h": 64 },
    "sourceSize": { "w": 48, "h": 64 },
    "duration": 100
   },
   {
    "filename": "TOUCH-10---stop-fly 15.gif",
    "frame": { "x": 720, "y": 0, "w": 48, "h": 64 },
    "rotated": false,
    "trimmed": false,
    "spriteSourceSize": { "x": 0, "y": 0, "w": 48, "h": 64 },
    "sourceSize": { "w": 48, "h": 64 },
    "duration": 100
   },
   {
    "filename": "TOUCH-10---stop-fly 16.gif",
    "frame": { "x": 768, "y": 0, "w": 48, "h": 64 },
    "rotated": false,
    "trimmed": false,
    "spriteSourceSize": { "x": 0, "y": 0, "w": 48, "h": 64 },
    "sourceSize": { "w": 48, "h": 64 },
    "duration": 100
   },
   {
    "filename": "TOUCH-10---stop-fly 17.gif",
    "frame": { "x": 816, "y": 0, "w": 48, "h": 64 },
    "rotated": false,
    "trimmed": false,
    "spriteSourceSize": { "x": 0, "y": 0, "w": 48, "h": 64 },
    "sourceSize": { "w": 48, "h": 64 },
    "duration": 100
   },
   {
    "filename": "TOUCH-10---stop-fly 18.gif",
    "frame": { "x": 864, "y": 0, "w": 48, "h": 64 },
    "rotated": false,
    "trimmed": false,
    "spriteSourceSize": { "x": 0, "y": 0, "w": 48, "h": 64 },
    "sourceSize": { "w": 48, "h": 64 },
    "duration": 100
   },
   {
    "filename": "TOUCH-10---stop-fly 19.gif",
    "frame": { "x": 912, "y": 0, "w": 48, "h": 64 },
    "rotated": false,
    "trimmed": false,
    "spriteSourceSize": { "x": 0, "y": 0, "w": 48, "h": 64 },
    "sourceSize": { "w": 48, "h": 64 },
    "duration": 100
   },
   {
    "filename": "TOUCH-10---stop-fly 20.gif",
    "frame": { "x": 960, "y": 0, "w": 48, "h": 64 },
    "rotated": false,
    "trimmed": false,
    "spriteSourceSize": { "x": 0, "y": 0, "w": 48, "h": 64 },
    "sourceSize": { "w": 48, "h": 64 },
    "duration": 100
   },
   {
    "filename": "TOUCH-10---stop-fly 21.gif",
    "frame": { "x": 1008, "y": 0, "w": 48, "h": 64 },
    "rotated": false,
    "trimmed": false,
    "spriteSourceSize": { "x": 0, "y": 0, "w": 48, "h": 64 },
    "sourceSize": { "w": 48, "h": 64 },
    "duration": 100
   },
   {
    "filename": "TOUCH-10---stop-fly 22.gif",
    "frame": { "x": 1056, "y": 0, "w": 48, "h": 64 },
    "rotated": false,
    "trimmed": false,
    "spriteSourceSize": { "x": 0, "y": 0, "w": 48, "h": 64 },
    "sourceSize": { "w": 48, "h": 64 },
    "duration": 100
   }
 ],
 "meta": {
  "app": "https://www.aseprite.org/",
  "version": "1.2.40-x64",
  "image": "TOUCH-10---stop-fly.png",
  "format": "I8",
  "size": { "w": 1104, "h": 64 },
  "scale": "1",
  "frameTags": [
  ],
  "layers": [
   { "name": "Layer", "opacity": 255, "blendMode": "normal" }
  ],
  "slices": [
  ]
 }
}
