{"minecraft:geometry":[{"description":{"visible_bounds_width":2,"identifier":"geometry.agg.bright","texture_width":1,"texture_height":1,"visible_bounds_offset":[0,0.75,0],"visible_bounds_height":2.5},"bones":[{"pivot":[0,0,0],"name":"rightItem"},{"cubes":[{"origin":[-8,0,0],"uv":{"down":{"uv":[0,0],"uv_size":[1,1]},"east":{"uv":[0,0],"uv_size":[1,1]},"west":{"uv_size":[1,1],"uv":[0,0]},"north":{"uv_size":[1,1],"uv":[0,0]},"up":{"uv_size":[1,1],"uv":[0,0]},"south":{"uv_size":[1,1],"uv":[0,0]}},"size":[16,16,0]}],"pivot":[0,0,0],"parent":"rightItem","name":"a"}]}],"format_version":"1.12.0"}