{
	"format_version" : "1.16.100",
	"animations" : {
		"animation.right.leg.move" : {
			"loop" : true,
			"bones" : {
				"rightLeg" : {
					"rotation" : [ "-(math.cos(query.modified_distance_moved * 38.17) * query.modified_move_speed / variable.gliding_speed_value) * 57.3", 0, 0 ]
				}
			}
		},
		"animation.left.leg.move" : {
			"loop" : true,
			"bones" : {
				"leftLeg" : {
					"rotation" : [ "(math.cos(query.modified_distance_moved * 38.17) * query.modified_move_speed / variable.gliding_speed_value) * 57.3", 0, 0 ]
				}
			}
		},

		"animation.right.arm.move" : {
			"loop" : true,
			"bones" : {
				"rightArm" : {
					"rotation" : [ "(math.cos(query.modified_distance_moved * 38.17) * query.modified_move_speed / variable.gliding_speed_value) * 57.3", 0, 0 ]
				}
			}
		},
		"animation.left.arm.move" : {
			"loop" : true,
			"bones" : {
				"leftArm" : {
					"rotation" : [ "-(math.cos(query.modified_distance_moved * 38.17) * query.modified_move_speed / variable.gliding_speed_value) * 57.3", 0, 0 ]
				}
			}
		},

		"animation.player.attack.rotations" : {
			"loop" : true,
			"bones" : {
				"body" : {
					"rotation" : [ 0.0, "!variable.is_first_person ? variable.attack_body_rot_y : 0", "variable.is_first_person ? variable.attack_body_rot_y : 0" ]
				},
				"leftarm" : {
					"rotation" : [ "-(math.sin((1 - math.pow((1 - variable.attack_time), 4)) * 180) * 1.2 + math.sin(variable.attack_time * 180)) * 10.0", 0.0, 0.0 ]
				},
				"rightarm" : {
					"rotation" : [ "-(math.sin((1 - math.pow((1 - variable.attack_time), 4)) * 180) * 1.2 + math.sin(variable.attack_time * 180)) * 30.0", "-(math.sin((1 - math.pow((1 - variable.attack_time), 4)) * 180) ? (-90.0 * math.sin((1 - math.pow((1 - variable.attack_time), 4)) * 180)) + 30.0 : 0.0)", 0.0 ]
				}
			}
		},

		"animation.player.bob" : {
			"loop" : true,
			"bones" : {
				"leftarm" : {
					"rotation" : [ 0.0, 0.0, "-((math.cos(query.life_time * 103.2) * 2.865) + 2.865)" ]
				},
				"rightarm" : {
					"rotation" : [ 0.0, 0.0, "(math.cos(query.life_time * 103.2) * 2.865) + 2.865" ]
				}
			}
		},

		"animation.using.bow_equipped" : {
			"loop" : true,
			"bones" : {
				"leftarm" : {
					"rotation" : [ "-90.0 + variable.player_x_rotation - query.is_sneaking * 15.0", "27.5 + query.target_y_rotation", 0.0 ]
				},
				"rightarm" : {
					"rotation" : [ "-90.0 + variable.player_x_rotation - query.is_sneaking * 15.0", "-5.0 + query.target_y_rotation", 0.0 ]
				},
				"items" : {
					"rotation" : [ 0.0, -10.0, 0.0 ]
				}
			}
		},

		"animation.bow_and_arrow" : {
			"loop" : true,
			"bones" : {
				"leftarm" : {
					"rotation" : [ "variable.player_x_rotation - 90.0", "query.target_y_rotation + 28.65", "-(math.cos(query.life_time * 103.2) * 2.865) - 2.865" ]
				},
				"rightarm" : {
					"rotation" : [ "variable.player_x_rotation - 90.0", "query.target_y_rotation - 5.73", "(math.cos(query.life_time * 103.2) * 2.865) + 2.865" ]
				}
			}
		},
		"animation.bow_and_arrow.fp" : {
			"loop" : true,
			"bones" : {
				"leftarm" : {
					"rotation" : [ "variable.player_x_rotation * 2 - 180.0", 0, 0 ]
				},
				"rightarm" : {
					"rotation" : [ "variable.player_x_rotation * 2 - 180.0", 0, 0 ]
				}
			}
		},

		"animation.crossbow_equipped" : {
			"loop" : true,
			"bones" : {
				"leftarm" : {
					"position" : [ 0.0, 0.0, 0.5 ],
					"rotation" : [ "-this - 65.0 - (1.0 - variable.item_use_normalized) * 5.0", "-this + (1.0 - variable.item_use_normalized) * 30.0", "-this + 20.0 + (1.0 - variable.item_use_normalized) * 10.0" ]
				},
				"rightarm" : {
					"rotation" : [ "- 60.0", "- 45.0", "- 2.5" ]
				}
			}
		},
		"animation.crossbow_hold" : {
			"loop" : true,
			"bones" : {
				"leftarm" : {
					"rotation" : [ "query.get_equipped_item_name(1) != 'shield' ? -90 + variable.player_x_rotation - query.is_sneaking * 27.0 : 0", "query.get_equipped_item_name(1) != 'shield' ? 42.0 + math.clamp(query.target_y_rotation, -45.0, 5.0) : 0", "query.get_equipped_item_name(1) != 'shield' ? query.is_sneaking * -15.0 : 0" ]
				},
				"rightarm" : {
					"rotation" : [ "variable.is_first_person ? -80 + variable.player_x_rotation : -70.0 + query.target_x_rotation - query.is_sneaking * 27.0", "query.is_swimming ? 0.0 : math.clamp(query.target_y_rotation, -60.0, 45.0) -this", 0.0 ]
				}
			}
		},

		"animation.player.sneaking" : {
			"loop" : true,
			"bones" : {
				"body" : {
					"position" : [ 0.0, -2.0, 0.0 ]
				},
				"head" : {
					"position" : [ 0.0, -1.0, 0.0 ]
				},
				"leftarm" : {
					"rotation" : [ -5.7, 0.0, 0.0 ]
				},
				"leftleg" : {
					"rotation" : [ -28.0, 0.0, 0.0 ]
				},
				"rightarm" : {
					"rotation" : [ -5.7, 0.0, 0.0 ]
				},
				"rightleg" : {
					"rotation" : [ -28.0, 0.0, 0.0 ]
				},
				"root" : {
					"position" : [ 0.0, 1.25, 9.0 ],
					"rotation" : [ "28.0 - this", 0.0, 0.0 ]
				}
			}
		},
		"animation.player.sneaking.fp" : {
			"loop" : true,
			"bones" : {
				"body" : {
					"position" : [ 0.0, 0.0, 0.0 ],
					"rotation" : [ 28, 0.0, 0.0 ]
				},
				"head" : {
					"position" : [ 0.0, -1.0, 0.0 ]
				},
				"leftarm" : {
					"rotation" : [ -5.7, 0.0, 0.0 ]
				},
				"leftleg" : {
					"rotation" : [ -28.0, 0.0, 0.0 ]
				},
				"rightarm" : {
					"rotation" : [ -5.7, 0.0, 0.0 ]
				},
				"rightleg" : {
					"rotation" : [ -28.0, 0.0, 0.0 ]
				}
			}
		},

		"animation.damage_nearby_mobs" : {
			"loop" : true,
			"bones" : {
				"leftarm" : {
					"rotation" : [ "-45.0-this", "-this", "-this" ]
				},
				"leftleg" : {
					"rotation" : [ "45.0-this", "-this", "-this" ]
				},
				"rightarm" : {
					"rotation" : [ "45.0-this", "-this", "-this" ]
				},
				"rightleg" : {
					"rotation" : [ "-45.0-this", "-this", "-this" ]
				}
			}
		},

		"animation.holding" : {
			"loop" : true,
			"bones" : {
				"leftarm" : {
					"rotation" : [ "query.get_equipped_item_name(1) ? -18.0 : 0", 0.0, 0.0 ]
				},
				"rightarm" : {
					"rotation" : [ "query.get_equipped_item_name(0) ? -18.0 : 0", 0.0, 0.0 ]
				}
			}
		},

		"animation.look_at_target.default" : {
			"loop" : true,
			"bones" : {
				"head" : {
					"relative_to" : {
						"rotation" : "entity"
					},
					"rotation" : [ "query.target_x_rotation", "query.target_y_rotation", 0.0 ]
				}
			}
    },

		"animation.look_at_target.swimming" : {
			"loop" : true,
			"bones" : {
				"head" : {
					"rotation" : [ "math.lerp(query.target_x_rotation, -45.0, variable.swim_amount)", "query.target_y_rotation", 0.0 ]
				}
			}
		},

		"animation.riding.arms" : {
			"loop" : true,
			"bones" : {
	   		"leftarm" : {
		 		  "rotation" : [ -36.0, 0.0, 0.0 ]
		   	},
  		  "rightarm" : {
		  		"rotation" : [ -36.0, 0.0, 0.0 ]
		    }
			}
		},

		"animation.riding.legs" : {
			"loop" : true,
			"bones" : {
				"leftleg" : {
					"rotation" : [ "-72.0 - this", "-18.0 - this", "-this" ]
				},
				"rightleg" : {
					"rotation" : [ "-72.0 - this", "18.0 - this", "-this" ]
				}
			}
		},

		"animation.use_item_progress" : {
			"loop" : true,
			"bones" : {
				"rightarm" : {
					"rotation" : [ "variable.use_item_startup_progress * -60.0 + variable.use_item_interval_progress * 11.25", "variable.use_item_startup_progress * -22.5 + variable.use_item_interval_progress * 11.25", "variable.use_item_startup_progress * -5.625 + variable.use_item_interval_progress * 11.25" ]
				}
			}
		},

		"animation.player.sleeping" : {
			"loop" : true,
			"override_previous_animation" : true,
			"bones" : {
				"head" : {
					"rotation" : [ "30.0 - this", "-this", "-this" ]
				},
				"root" : {
					"position" : [ "24.0 * math.cos(query.body_y_rotation) * math.cos(query.sleep_rotation) - 24.0 * math.sin(query.body_y_rotation) * math.sin(query.sleep_rotation)", 0.0, "24.0 * math.cos(query.body_y_rotation) * math.sin(query.sleep_rotation) + 24.0 * math.sin(query.body_y_rotation) * math.cos(query.sleep_rotation)" ],
					"rotation" : [ -90.0, "270.0 - query.sleep_rotation - query.body_y_rotation", 0.0 ]
				}
			}
		},

		"animation.player.cape" : {
			"loop" : true,
			"bones" : {
				"cape" : {
					"position" : [ 0.0, "query.get_root_locator_offset('armor_offset.default_neck', 1)", 0.0 ],
					"rotation" : [ "math.lerp(0.0, -126.0, query.cape_flap_amount) - 6.0", 0.0, 0.0 ]
				}
			}
		},

		"animation.player.swim" : {
			"animation_length" : 1.3,
			"loop" : true,
			"override_previous_animation" : true,
			"bones" : {
				"leftarm" : {
					"rotation" : {
						"0" : [ 0.0, 180.0, 180.0 ],
						"0.7" : [ 0.0, 180.0, 287.2 ],
						"1.1" : [ 90.0, 180.0, 180.0 ],
						"1.3" : [ 0.0, 180.0, 180.0 ]
					}
				},
				"rightarm" : {
					"rotation" : {
						"0" : [ 0.0, 180.0, -180.0 ],
						"0.7" : [ 0.0, 180.0, -287.2 ],
						"1.1" : [ 90.0, 180.0, -180.0 ],
						"1.3" : [ 0.0, 180.0, -180.0 ]
					}
				},
				"root" : {
					"position" : [ 0.0, "(math.sin(query.target_x_rotation) * 24.0 + 3.0) * variable.swim_amount", "(math.cos(query.target_x_rotation) * 24.0 + 9.0) * variable.swim_amount" ],
					"rotation" : [ "(90 + query.target_x_rotation)", 0.0, 0.0 ]
				}
			}
		},

		"animation.player.swim.fp" : {
			"animation_length" : 1.3,
			"loop" : true,
			"override_previous_animation" : true,
			"bones" : {
        "head": {
          "scale": [ 0, 0, 0 ]
        },
				"leftarm" : {
					"position" : [ 0, 2, 0 ],
					"rotation" : {
						"0" : [ 0.0, 180.0, 180.0 ],
						"0.7" : [ 0.0, 180.0, 287.2 ],
						"1.1" : [ 90.0, 180.0, 180.0 ],
						"1.3" : [ 0.0, 180.0, 180.0 ]
					}
				},
				"rightarm" : {
					"position" : [ 0, 2, 0 ],
					"rotation" : {
						"0" : [ 0.0, 180.0, -180.0 ],
						"0.7" : [ 0.0, 180.0, -287.2 ],
						"1.1" : [ 90.0, 180.0, -180.0 ],
						"1.3" : [ 0.0, 180.0, -180.0 ]
					}
				},
				"corpo" : {
					"position" : [ 0, 2, 0 ],
					"rotation" : [ "(-90 + query.target_x_rotation)", 0, 180.0 ]
				}
			}
		},

		"animation.player.swim.legs" : {
			"loop" : true,
			"override_previous_animation" : true,
			"bones" : {
				"leftleg" : {
					"rotation" : [ "-math.cos(query.life_time * 100.0) * 30", 0.0, 0.0 ]
				},
				"rightleg" : {
					"rotation" : [ "math.cos(query.life_time * 100.0) *30", 0.0, 0.0 ]
				}
			}
		},

		"animation.shield_block_main_hand" : {
			"loop" : true,
			"bones" : {
				"rightarm" : {
					"rotation" : [ -20.0, -30.0, -25.0 ]
				},
				"rightitem" : {
					"position" : [ -1.0, -3.0, 0.0 ],
					"rotation" : [ 0.0, -60.0, -45.0 ]
				}
			}
		},
		"animation.shield_block_off_hand" : {
			"loop" : true,
			"bones" : {
				"leftarm" : {
					"rotation" : [ -20.0, 20.0, 20.0 ]
				},
				"leftitem" : {
					"position" : [ "1.0 + query.item_is_charged * 1.5", "-3.0 + query.item_is_charged", 0.0 ],
					"rotation" : [ "query.item_is_charged * 30.0", "70.0 - query.item_is_charged * 60.0", "65.0 - query.item_is_charged * 15.0" ]
				}
			}
		},

    "animation.shield.main_hand": {
      "loop": true,
      "bones": {
        "shield_right": {
          "position": [ -1, -4, -2 ],
          "rotation": [ -72.5, 15, -72.5 ]
        },
        "rightarm": {
          "rotation": [ -40, -28, 0 ]
        }
      }
    },
    "animation.shield.off_hand": {
      "loop": true,
      "bones": {
        "shield_left": {
          "position": [ 0, -4, -1 ],
          "rotation": [ -45, -22.5, 67.5 ]
        },
        "leftarm": {
          "rotation": [ -40, 28, 0 ]
        }
      }
    },

		"animation.brandish_spear" : {
			"loop" : true,
			"bones" : {
				"rightarm" : {
					"rotation" : [ "this * -0.5 - 157.5 - 22.5 * variable.charge_amount", "-this", 0.0 ]
				},
				"pole" : {
					"rotation" : [ 0, 180, 0 ],
					"position" : [ 0, 0, 20 ]
				}
			}
		}
  }
}
