{
	"format_version": "1.12.0",
	"minecraft:geometry": [
		{
			"description": {
				"identifier": "geometry.shield_right",
				"texture_width": 64,
				"texture_height": 64,
				"visible_bounds_width": 3,
				"visible_bounds_height": 2.5,
				"visible_bounds_offset": [0, 0.75, 0]
			},
			"bones": [
        {
          "name": "root",
          "pivot": [ 0.0, 0.0, 0.0 ]
        },
        {
          "name": "body",
          "parent": "waist",
          "pivot": [ 0.0, 24.0, 0.0 ]
        },
        {
          "name": "waist",
          "parent": "root",
          "pivot": [ 0.0, 12.0, 0.0 ]
        },
        {
          "name": "head",
          "parent": "body",
          "pivot": [ 0.0, 24.0, 0.0 ]
        },
        {
          "name": "cape",
          "pivot": [ 0.0, 24, 3.0 ],
          "parent": "body"
        },
        {
          "name": "hat",
          "parent": "head",
          "pivot": [ 0.0, 24.0, 0.0 ]
        },
        {
          "name": "leftArm",
          "parent": "body",
          "pivot": [ 5.0, 22.0, 0.0 ]
        },
        {
          "name": "leftItem",
          "pivot": [ 6.0, 15.0, 1.0 ],
          "parent": "leftArm"
        },
        {
          "name": "rightArm",
          "parent": "body",
          "pivot": [ -5.0, 22.0, 0.0 ]
        },
        {
          "name": "leftLeg",
          "parent": "body",
          "pivot": [ 1.9, 12.0, 0.0 ]
        },
        {
          "name": "rightLeg",
          "parent": "body",
          "pivot": [ -1.9, 12.0, 0.0 ]
        },
        {
          "name": "jacket",
          "parent": "body"
        },
				{
					"name": "shield_right",
        "parent": "rightarm",
					"pivot": [-6, 14, 1],
					"rotation": [90, 0, 90],
					"cubes": [
						{"origin": [-7, 12, -2], "size": [2, 6, 6], "uv": [26, 0]},
						{"origin": [-12, 4, -3], "size": [12, 22, 1], "uv": [0, 0]}
					]
				}
			]
		}
	]
}
