{
	"format_version": "1.12.0",
	"minecraft:geometry": [
		{
			"description": {
				"identifier": "geometry.trident_player",
				"texture_width": 32,
				"texture_height": 32,
				"visible_bounds_width": 4,
				"visible_bounds_height": 2.5,
				"visible_bounds_offset": [0, 0.75, 0]
			},
			"bones": [
        {
          "name": "root",
          "pivot": [ 0.0, 0.0, 0.0 ]
        },
        {
          "name": "body",
          "parent": "waist",
          "pivot": [ 0.0, 24.0, 0.0 ]
        },
        {
          "name": "waist",
          "parent": "root",
          "pivot": [ 0.0, 12.0, 0.0 ]
        },
        {
          "name": "head",
          "parent": "body",
          "pivot": [ 0.0, 24.0, 0.0 ]
        },
        {
          "name": "cape",
          "pivot": [ 0.0, 24, 3.0 ],
          "parent": "body"
        },
        {
          "name": "hat",
          "parent": "head",
          "pivot": [ 0.0, 24.0, 0.0 ]
        },
        {
          "name": "leftArm",
          "parent": "body",
          "pivot": [ 5.0, 22.0, 0.0 ]
        },
        {
          "name": "leftItem",
          "pivot": [ 6.0, 15.0, 1.0 ],
          "parent": "leftArm"
        },
        {
          "name": "rightArm",
          "parent": "body",
          "pivot": [ -5.0, 22.0, 0.0 ]
        },
        {
          "name": "leftLeg",
          "parent": "body",
          "pivot": [ 1.9, 12.0, 0.0 ]
        },
        {
          "name": "rightLeg",
          "parent": "body",
          "pivot": [ -1.9, 12.0, 0.0 ]
        },
        {
          "name": "jacket",
          "parent": "body"
        },
        {
          "name": "pole",
          "parent": "rightarm",
					"pivot": [-6, 14, -10],
					"rotation": [85, 0, 22.5],
					"cubes": [
						{"origin": [-6.5, -13, -10.5], "size": [1, 31, 1], "inflate": 0.01, "uv": [0, 0]},
						{"origin": [-7.5, 12, -10.5], "size": [3, 2, 1], "uv": [4, 0]},
						{"origin": [-8.5, 13, -10.5], "size": [1, 4, 1], "uv": [4, 3]},
						{"origin": [-4.5, 13, -10.5], "size": [1, 4, 1], "uv": [4, 3]}
					]
				}
			]
		}
	]
}
