{"chat_screen":{"$screen_animations":[],"$use_loading_bars":false,"low_frequency_rendering":true,"render_game_behind":true,"force_render_below":true,"absorbs_input":false,"is_showing_menu":false,"close_on_player_hurt":false,"modifications":[{"array_name":"controls","operation":"insert_front","value":{"diamond_tweaks_chat_panel":{"type":"panel","size":["100%","100%"],"controls":[{"wutuchat":{"type":"input_panel","prevent_touch_input":true,"size":["100%","100%"],"layer":100,"controls":[{"chat_screen@common.base_screen":{"close_on_player_hurt":false,"$screen_content":"chat.chat_screen_content","$screen_bg_content":"chat.chat_background","button_mappings":[{"from_button_id":"button.menu_exit","to_button_id":"button.chat_menu_cancel","mapping_type":"global"},{"from_button_id":"button.menu_cancel","to_button_id":"button.chat_menu_cancel","mapping_type":"global"}]}},{"chat_screen_content":{"type":"panel","controls":[{"messages_panel@chat.messages_scrolling_panel":{}},{"chat_bottom_panel@chat.chat_bottom_panel":{"layer":2}},{"chat_top_panel@chat.chat_header":{"layer":2}},{"autocomplete_commands_panel@chat.commands_panel":{"layer":3}},{"host_main_panel@host_options.host_panel":{"layer":4}},{"popup_factory@chat_settings.popup_factory":{}}]}}],"bindings":[{"binding_type":"view","source_control_name":"chaaa_tgl","source_property_name":"#toggle_state","target_property_name":"#visible"}]}},{"prrrrvvvvvvesmsgggg@common.button":{"size":[20,20],"offset":[40,-77],"prevent_touch_input":true,"controls":[{"prrv@common_buttons.light_text_button":{"layer":99,"$button_text":"<","alpha":0.75,"$pressed_button_name":"button.chat_previous_message"}}]}},{"yaayyysend@common.button":{"size":[20,20],"offset":[60,-77],"prevent_touch_input":true,"controls":[{"sndd@common_buttons.light_text_button":{"layer":99,"$button_text":">","alpha":0.75,"$pressed_button_name":"button.send"}}]}},{"hidechatbtn@common.button":{"size":[20,20],"offset":[40,-99],"prevent_touch_input":true,"$toggle_default_state":true,"controls":[{"cchatt@common_toggles.light_text_toggle":{"layer":99,"$button_text":"[A]","alpha":0.75,"$toggle_view_binding_name":"chaaa_tgl"}}]}}]}}}]},"send_button@common_buttons.light_text_form_fitting_button":{"$pressed_button_name":"button.send","$anchor":"bottom_right","size":["100%c",27],"$tts_enabled|default":true,"focus_enabled":"$tts_enabled","$focus_id":"send_button_focus_id","$focus_override_up":"paste_button_focus_id","$button_type_panel":"chat.send_panel","$button_tts_header":"#send_button_accessibility_text","bindings":[{"binding_name":"#send_button_visible","binding_name_override":"#enabled"},{"binding_name":"#send_button_accessibility_text"}]}}