{"small_chest_screen":{"load_screen_immediately":true,"$screen_animations":[],"$use_loading_bars":false,"low_frequency_rendering":true,"render_game_behind":true,"force_render_below":true,"absorbs_input":false,"is_showing_menu":false,"close_on_player_hurt":false,"modifications":[{"array_name":"controls","operation":"insert_front","value":{"invpnlmn":{"type":"panel","size":["100%","100%"],"controls":[{"0@rilinventar":{}},{"1@innnnvtoggg":{}}]}}}]},"rilinventar":{"type":"input_panel","prevent_touch_input":true,"size":["40%","70%"],"layer":100,"controls":[{"contentik@chest.small_chest_panel":{"close_on_player_hurt":false}}],"bindings":[{"binding_type":"view","source_control_name":"invvv_tgl","source_property_name":"#toggle_state","target_property_name":"#visible"}]},"innnnvtoggg@common.button":{"offset":[110,-99],"size":[20,20],"prevent_touch_input":true,"controls":[{"it@common_toggles.light_text_toggle":{"layer":200,"$button_text":"[C]","$toggle_view_binding_name":"invvv_tgl"}}]},"bigrilinventar":{"type":"input_panel","prevent_touch_input":true,"size":["80%","70%"],"layer":100,"controls":[{"contentik@chest.large_chest_panel":{"close_on_player_hurt":false}}],"bindings":[{"binding_type":"view","source_control_name":"invvv_tgl","source_property_name":"#toggle_state","target_property_name":"#visible"}]},"biginnnnvtoggg@common.button":{"offset":[110,-99],"size":[20,20],"prevent_touch_input":true,"controls":[{"it@common_toggles.light_text_toggle":{"layer":200,"$button_text":"[C]","$toggle_view_binding_name":"invvv_tgl"}}]},"large_chest_screen":{"load_screen_immediately":true,"$screen_animations":[],"$use_loading_bars":false,"low_frequency_rendering":true,"render_game_behind":true,"force_render_below":true,"absorbs_input":false,"is_showing_menu":false,"modifications":[{"array_name":"controls","operation":"insert_front","value":{"invpnlmn":{"type":"panel","size":["100%","100%"],"controls":[{"0@bigrilinventar":{}},{"1@biginnnnvtoggg":{}}]}}}]},"ender":{"type":"input_panel","prevent_touch_input":true,"size":["40%","70%"],"layer":100,"controls":[{"contentik@chest.ender_chest_panel":{"close_on_player_hurt":false}}],"bindings":[{"binding_type":"view","source_control_name":"invvv_tgl","source_property_name":"#toggle_state","target_property_name":"#visible"}]},"endertgl@common.button":{"offset":[110,-99],"size":[20,20],"prevent_touch_input":true,"controls":[{"it@common_toggles.light_text_toggle":{"layer":200,"$button_text":"[C]","$toggle_view_binding_name":"invvv_tgl"}}]},"ender_chest_screen":{"load_screen_immediately":true,"$screen_animations":[],"$use_loading_bars":false,"low_frequency_rendering":true,"render_game_behind":true,"force_render_below":true,"absorbs_input":false,"is_showing_menu":false,"modifications":[{"array_name":"controls","operation":"insert_front","value":{"invpnlmn":{"type":"panel","size":["100%","100%"],"controls":[{"0@ender":{}},{"1@endertgl":{}}]}}}]},"shulker":{"type":"input_panel","prevent_touch_input":true,"size":["40%","70%"],"layer":100,"controls":[{"contentik@chest.shulker_box_panel":{"close_on_player_hurt":false}}],"bindings":[{"binding_type":"view","source_control_name":"invvv_tgl","source_property_name":"#toggle_state","target_property_name":"#visible"}]},"shulkertgl@common.button":{"offset":[110,-99],"size":[20,20],"prevent_touch_input":true,"controls":[{"it@common_toggles.light_text_toggle":{"layer":200,"$button_text":"[C]","$toggle_view_binding_name":"invvv_tgl"}}]},"shulker_box_screen":{"load_screen_immediately":true,"$screen_animations":[],"$use_loading_bars":false,"low_frequency_rendering":true,"render_game_behind":true,"force_render_below":true,"absorbs_input":false,"is_showing_menu":false,"modifications":[{"array_name":"controls","operation":"insert_front","value":{"invpnlmn":{"type":"panel","size":["100%","100%"],"controls":[{"0@shulker":{}},{"1@shulkertgl":{}}]}}}]},"barrel":{"type":"input_panel","prevent_touch_input":true,"size":["40%","70%"],"layer":100,"controls":[{"contentik@chest.barrel_panel":{"close_on_player_hurt":false}}],"bindings":[{"binding_type":"view","source_control_name":"invvv_tgl","source_property_name":"#toggle_state","target_property_name":"#visible"}]},"barreltgl@common.button":{"offset":[110,-99],"size":[20,20],"prevent_touch_input":true,"controls":[{"it@common_toggles.light_text_toggle":{"layer":200,"$button_text":"[C]","$toggle_view_binding_name":"invvv_tgl"}}]},"barrel_screen":{"load_screen_immediately":true,"$screen_animations":[],"$use_loading_bars":false,"low_frequency_rendering":true,"render_game_behind":true,"force_render_below":true,"absorbs_input":false,"is_showing_menu":false,"modifications":[{"array_name":"controls","operation":"insert_front","value":{"invpnlmn":{"type":"panel","size":["100%","100%"],"controls":[{"0@barrel":{}},{"1@barreltgl":{}}]}}}]}}