{"namespace":"hud","hud_player_renderer":{"type":"panel","size":[20,20],"anchor_from":"top_left","anchor_to":"top_left","layer":2,"controls":[{"hud_player":{"type":"custom","renderer":"hud_player_renderer","layer":1,"animation_reset_name":"screen_animation_reset","anims":["@common.screen_exit_size_animation_push","@common.screen_exit_size_animation_pop","@common.screen_entrance_size_animation_push","@common.screen_entrance_size_animation_pop"],"bindings":[{"binding_name":"#paper_doll_visible","binding_name_override":"#visible"}]}}]},"hud_content":{"type":"panel","$hud_size":["100%","100%"],"$hud_player_rend_desktop_offset|default":[15,5],"variables":[{"requires":"($is_holographic and not $is_living_room_mode)","$hud_player_rend_desktop_offset":[100,50]},{"requires":"($compress_hud_width)","$hud_size":["90%","100%"]}],"size":"$hud_size","controls":[{"root_panel@hud.root_panel":{}},{"editor_gizmo_renderer@editor_gizmo_renderer":{"ignored":"(not $is_editor_mode_enabled)"}},{"camera_renderer@camera_renderer":{}}]},"layout_customization_main_panel_button":{"type":"panel","size":["50%","100%"],"controls":[{"button@common_buttons.light_text_button":{"$new_ui_label_offset":[0,-1],"size":["100%-4px","100%-10px"],"$button_bindings|default":[],"bindings":"$button_bindings"}}]},"hud_screen@common.base_screen":{"$screen_content":"hud.hud_content","always_accepts_input":true,"force_render_below":true,"render_only_when_topmost":false,"should_steal_mouse":true,"$screen_animations":[],"$use_loading_bars":false},"root_panel":{"modifications":[{"array_name":"controls","operation":"insert_front","value":{"dthp@diamond_tweaks_hud_panel":{"anchor_from":"top_middle","anchor_to":"top_middle"}}}]},"fcsa":{"anim_type":"alpha","easing":"linear","duration":2.0,"from":0.0,"to":1.0},"diamond_tweaks_hud_panel":{"type":"input_panel","anchor_from":"top_middle","anchor_to":"top_middle","layer":9999999,"prevent_touch_input":true,"size":[20,20],"controls":[{"infohud":{"type":"panel","size":[100,50],"offset":[-185,15],"prevent_touch_input":true,"controls":[{"bg":{"type":"image","fill":true,"tiled":"x","texture":"textures/diamond_tweaks/visual_bg","alpha":0.5,"controls":[{"name":{"type":"label","offset":[25,-10],"text":"DT User"}},{"us":{"type":"label","offset":[25,0],"text":"V4"}}]}}],"bindings":[{"binding_name":"#paper_doll_visible","binding_name_override":"#visible"}]}},{"rp_title":{"type":"image","alpha":0.75,"size":["fill","20"],"fill":true,"tiled":"x","texture":"textures/diamond_tweaks/visual_bg.png","controls":[{"rp_title":{"type":"label","alpha":0.75,"offset":[175,0],"font_size":"normal","text":"§l§bDiamond Tweaks"}}],"bindings":[{"binding_type":"view","source_control_name":"watermark_tgl","source_property_name":"#toggle_state","target_property_name":"#visible"}]}},{"clock":{"type":"custom","renderer":"inventory_item_renderer","size":[20,20],"offset":[200,195],"property_bag":{"#item_id_aux":22740992},"bindings":[{"binding_type":"view","source_control_name":"locate_tgl","source_property_name":"#toggle_state","target_property_name":"#visible"}]}},{"compass":{"type":"custom","renderer":"inventory_item_renderer","size":[20,20],"offset":[180,195],"property_bag":{"#item_id_aux":22609920},"bindings":[{"binding_type":"view","source_control_name":"locate_tgl","source_property_name":"#toggle_state","target_property_name":"#visible"}]}},{"recovery":{"type":"custom","renderer":"inventory_item_renderer","size":[20,20],"offset":[160,195],"property_bag":{"#item_id_aux":44695552},"bindings":[{"binding_type":"view","source_control_name":"locate_tgl","source_property_name":"#toggle_state","target_property_name":"#visible"}]}},{"locate_toggle@common_toggles.light_text_toggle":{"offset":[-95,50],"$button_text":">Locate","size":[70,20],"alpha":0.75,"anchor_from":"top_right","anchor_to":"top_right","$toggle_view_binding_name":"locate_tgl","bindings":[{"binding_type":"view","source_control_name":"mod_menu_tgl","source_property_name":"#toggle_state","target_property_name":"#visible"}]}},{"focus":{"type":"image","size":["2400%","2400%"],"anims":["@hud.focus_anim"],"offset":[0,100],"texture":"textures/ui/black_border.png","bindings":[{"binding_condition":"always","binding_name":"#interact_visible","binding_name_override":"#ivs"},{"binding_type":"view","source_control_name":"focus_tgl","source_property_name":"#toggle_state","target_property_name":"#fcst"},{"binding_type":"view","source_property_name":"(#ivs and #fcst)","target_property_name":"#visible"}]}},{"focus_toggle@common_toggles.light_text_toggle":{"offset":[-95,75],"$button_text":">Focus","size":[70,20],"alpha":0.75,"anchor_from":"top_right","anchor_to":"top_right","$toggle_view_binding_name":"focus_tgl","bindings":[{"binding_type":"view","source_control_name":"mod_menu_tgl","source_property_name":"#toggle_state","target_property_name":"#visible"}]}},{"freecam_bg":{"type":"image","size":["2400%","2400%"],"offset":[0,100],"layer":98,"texture":"textures/ui/Black.png","bindings":[{"binding_type":"view","source_control_name":"freecam_tgl","source_property_name":"#toggle_state","target_property_name":"#visible"}]}},{"hud_player_position@binding.hud_player_position":{}},{"freecam_rend":{"type":"input_panel","focus_enabled":true,"gesture_tracking_button":"button.turn_structure","always_handle_controller_direction":true,"size":["7000%","7000%"],"offset":[0,100],"layer":99,"button_mappings":[{"from_button_id":"button.menu_select","to_button_id":"button.turn_structure","mapping_type":"pressed","button_up_right_of_first_refusal":true}],"bindings":[{"binding_type":"view","source_control_name":"freecam_tgl","source_property_name":"#toggle_state","target_property_name":"#visible"}],"controls":[{"renderer":{"type":"custom","renderer":"3d_structure_renderer","property_bag":{"force_update":true,"#has_focus":false,"#block_position":[0,0,0],"#bottom_left_block":[-20,37,-20],"#top_right_block":[20,70,20],"#include_entities":true,"#remove_blocks":false,"#include_players":true},"bindings":[{"binding_name":"#has_focus","binding_condition":"visible"},{"binding_name":"#bottom_left_block","binding_condition":"visible"},{"binding_name":"#top_right_block","binding_condition":"visible"},{"binding_name":"#include_entities","binding_condition":"visible"},{"binding_name":"#remove_blocks","binding_condition":"visible"},{"binding_name":"#include_players","binding_condition":"visible"},{"binding_type":"view","source_control_name":"structure_renderer","source_property_name":"#gesture_delta_source","target_property_name":"#gesture_delta_source"},{"binding_type":"view","source_control_name":"structure_renderer","source_property_name":"#gesture_mouse_delta_x","target_property_name":"#gesture_mouse_delta_x"},{"binding_type":"view","source_control_name":"structure_renderer","source_property_name":"#gesture_mouse_delta_y","target_property_name":"#gesture_mouse_delta_y"},{"binding_type":"view","source_control_name":"freecam_tgl","source_property_name":"#toggle_state","target_property_name":"#visible"}]}}]}},{"freecam_toggle@common_toggles.light_text_toggle":{"offset":[-95,100],"$button_text":">Freecam","size":[70,20],"alpha":0.75,"layer":100,"anchor_from":"top_right","anchor_to":"top_right","$toggle_view_binding_name":"freecam_tgl","bindings":[{"binding_type":"view","source_control_name":"mod_menu_tgl","source_property_name":"#toggle_state","target_property_name":"#visible"}]}},{"f1btn@common.button":{"offset":[-65,0],"size":[20,20],"prevent_touch_input":true,"controls":[{"f1@common_buttons.light_text_button":{"alpha":0.85,"$button_text":"F1","button_mappings":[{"from_button_id":"button.menu_select","to_button_id":"button.hide_gui_all","mapping_type":"pressed"}]}}],"bindings":[{"binding_type":"view","source_control_name":"f1_tgl","source_property_name":"#toggle_state","target_property_name":"#visible"}]}},{"f1toggle@common_toggles.light_text_toggle":{"offset":[-175,25],"$button_text":">F1 Button","size":[70,20],"alpha":0.75,"anchor_from":"top_right","anchor_to":"top_right","enabled":false,"$toggle_view_binding_name":"f1_tgl","bindings":[{"binding_type":"view","source_control_name":"mod_menu_tgl","source_property_name":"#toggle_state","target_property_name":"#visible"}]}},{"mod_menu_toggle@common_toggles.light_text_toggle":{"offset":[-200,0],"size":[60,20],"$toggle_view_binding_name":"mod_menu_tgl","$button_text":"","anchor_from":"top_middle","anchor_to":"top_middle","$checked_control":"","$checked_hover_control":"","$checked_image":"","$checked_locked_control":"","$checked_locked_hover_control":"","$unchecked_control":"","$unchecked_hover_control":"","$unchecked_locked_control":"","$unchecked_locked_hover_control":""}},{"mod_menu_title":{"type":"label","offset":[-200,0],"alpha":0.75,"font_type":"MinecraftTen","text":"§3DT menu","bindings":[{"binding_type":"view","source_control_name":"mod_menu_tgl","source_property_name":"#toggle_state","target_property_name":"#visible"}]}},{"f8btn@common.button":{"offset":[-90,0],"size":[20,20],"prevent_touch_input":true,"controls":[{"f8@common_buttons.light_text_button":{"alpha":0.85,"$button_text":"F8","$default_texture":"textures/diamond_tweaks/hud_button","$hover_texture":"textures/diamond_tweaks/hud_button","$pressed_texture":"textures/diamond_tweaks/hud_button","$pressed_no_hover_texture":"textures/diamond_tweaks/hud_button","button_mappings":[{"from_button_id":"button.menu_select","to_button_id":"button.hide_paperdoll_hud","mapping_type":"pressed"}]}}],"bindings":[{"binding_type":"view","source_control_name":"f8_tgl","source_property_name":"#toggle_state","target_property_name":"#visible"}]}},{"f8toggle@common_toggles.light_text_toggle":{"offset":[-175,50],"$button_text":">F8 Button","size":[70,20],"alpha":0.75,"anchor_from":"top_right","anchor_to":"top_right","$toggle_view_binding_name":"f8_tgl","bindings":[{"binding_type":"view","source_control_name":"mod_menu_tgl","source_property_name":"#toggle_state","target_property_name":"#visible"}]}},{"rp_modules_f1":{"type":"label","offset":[175,10],"alpha":0.75,"font_size":"normal","text":"§aF1 Button","bindings":[{"binding_type":"view","source_control_name":"f1_tgl","source_property_name":"#toggle_state","target_property_name":"#mytgl"},{"binding_type":"view","source_control_name":"module_hud_tgl","source_property_name":"#toggle_state","target_property_name":"#modulehud"},{"binding_type":"view","source_property_name":"(#mytgl and #modulehud)","target_property_name":"#visible"}]}},{"rp_modules_f8":{"type":"label","offset":[175,20],"alpha":0.75,"font_size":"normal","text":"§aF8 Button","bindings":[{"binding_type":"view","source_control_name":"f8_tgl","source_property_name":"#toggle_state","target_property_name":"#mytgl"},{"binding_type":"view","source_control_name":"module_hud_tgl","source_property_name":"#toggle_state","target_property_name":"#modulehud"},{"binding_type":"view","source_property_name":"(#mytgl and #modulehud)","target_property_name":"#visible"}]}},{"modules_hud_toggle@common_toggles.light_text_toggle":{"offset":[-175,75],"$button_text":">ModuleHud","size":[70,20],"alpha":0.75,"anchor_from":"top_right","anchor_to":"top_right","$toggle_view_binding_name":"module_hud_tgl","bindings":[{"binding_type":"view","source_control_name":"mod_menu_tgl","source_property_name":"#toggle_state","target_property_name":"#visible"}]}},{"quick1slotbtn@common.button":{"offset":[110,40],"size":[30,30],"prevent_touch_input":true,"controls":[{"quick1@common_buttons.light_text_button":{"alpha":0.75,"$button_text":"[1]","button_mappings":[{"from_button_id":"button.menu_select","to_button_id":"button.slot_1","mapping_type":"pressed"}]}}],"bindings":[{"binding_type":"view","source_control_name":"quick_hotbar_tgl","source_property_name":"#toggle_state","target_property_name":"#visible"}]}},{"quick8slotbtn@common.button":{"offset":[110,10],"size":[30,30],"prevent_touch_input":true,"controls":[{"quick8@common_buttons.light_text_button":{"alpha":0.75,"$button_text":"[8]","button_mappings":[{"from_button_id":"button.menu_select","to_button_id":"button.slot_8","mapping_type":"pressed"}]}}],"bindings":[{"binding_type":"view","source_control_name":"quick_hotbar_tgl","source_property_name":"#toggle_state","target_property_name":"#visible"}]}},{"quick_hotbar_toggle@common_toggles.light_text_toggle":{"offset":[-175,100],"$button_text":">QuickHotbar","size":[70,20],"alpha":0.75,"anchor_from":"top_right","anchor_to":"top_right","$toggle_view_binding_name":"quick_hotbar_tgl","bindings":[{"binding_type":"view","source_control_name":"mod_menu_tgl","source_property_name":"#toggle_state","target_property_name":"#visible"}]}},{"rp_modules_quickhud":{"type":"label","offset":[175,30],"alpha":0.75,"font_size":"normal","text":"§aQuick hotbar","bindings":[{"binding_type":"view","source_control_name":"quick_hotbar_tgl","source_property_name":"#toggle_state","target_property_name":"#mytgl"},{"binding_type":"view","source_control_name":"module_hud_tgl","source_property_name":"#toggle_state","target_property_name":"#modulehud"},{"binding_type":"view","source_property_name":"(#mytgl and #modulehud)","target_property_name":"#visible"}]}},{"diamond_tweaks_gamma":{"type":"image","texture":"textures/diamond_tweaks/gamma.png","alpha":0.25,"size":[1000,1000],"layer":1,"bindings":[{"binding_type":"view","source_control_name":"gamma_tgl","source_property_name":"#toggle_state","target_property_name":"#visible"}]}},{"gamma_toggle@common_toggles.light_text_toggle":{"offset":[-175,125],"$button_text":">Gamma","size":[70,20],"alpha":0.75,"anchor_from":"top_right","anchor_to":"top_right","$toggle_view_binding_name":"gamma_tgl","bindings":[{"binding_type":"view","source_control_name":"mod_menu_tgl","source_property_name":"#toggle_state","target_property_name":"#visible"}]}},{"rp_modules_gamma":{"type":"label","offset":[175,40],"alpha":0.75,"font_size":"normal","text":"§aGamma","bindings":[{"binding_type":"view","source_control_name":"gamma_tgl","source_property_name":"#toggle_state","target_property_name":"#mytgl"},{"binding_type":"view","source_control_name":"module_hud_tgl","source_property_name":"#toggle_state","target_property_name":"#modulehud"},{"binding_type":"view","source_property_name":"(#mytgl and #modulehud)","target_property_name":"#visible"}]}},{"watermark_toggle@common_toggles.light_text_toggle":{"offset":[-95,25],"$button_text":">Watermark","size":[70,20],"alpha":0.75,"anchor_from":"top_right","anchor_to":"top_right","$toggle_view_binding_name":"watermark_tgl","$toggle_default_state":true,"bindings":[{"binding_type":"view","source_control_name":"mod_menu_tgl","source_property_name":"#toggle_state","target_property_name":"#visible"}]}}]}}