{"inventory_screen":{"load_screen_immediately":true,"$screen_animations":[],"$use_loading_bars":false,"low_frequency_rendering":true,"render_game_behind":true,"force_render_below":true,"absorbs_input":false,"is_showing_menu":false,"close_on_player_hurt":false,"modifications":[{"array_name":"controls","operation":"insert_front","value":{"invpnlmn":{"type":"panel","size":["100%","100%"],"controls":[{"0@rilinventar":{}},{"1@innnnvtoggg":{}},{"2@ahp":{}},{"3@ohp":{}},{"4@rilhotbar":{}},{"5@hbbbtoggg":{}},{"6@armrtgl":{}}]}}}]},"rilinventar":{"type":"input_panel","prevent_touch_input":true,"size":["70%","90%"],"layer":100,"controls":[{"contentik@crafting.recipe_inventory_screen_content":{}}],"bindings":[{"binding_type":"view","source_control_name":"invvv_tgl","source_property_name":"#toggle_state","target_property_name":"#visible"}]},"innnnvtoggg@common.button":{"offset":[110,-99],"size":[20,20],"prevent_touch_input":true,"controls":[{"it@common_toggles.light_text_toggle":{"layer":200,"$button_text":"[I]","$toggle_view_binding_name":"invvv_tgl"}}]},"armrtgl@common.button":{"offset":[-110,95],"size":[20,20],"prevent_touch_input":true,"controls":[{"it@common_toggles.light_text_toggle":{"layer":200,"$button_text":"^","$toggle_view_binding_name":"armmm_tgl"}}]},"ahp":{"type":"input_panel","prevent_touch_input":true,"size":[18,72],"anchor_from":"center","anchor_to":"center","offset":[-230,0],"layer":100,"controls":[{"armor_hud":{"type":"grid","layer":1,"size":[18,72],"anchor_from":"center","anchor_to":"center","grid_dimensions":[1,4],"$item_collection_name":"armor_items","collection_name":"$item_collection_name","controls":[{"head_grid_item@common.container_item":{"grid_position":[0,0],"$cell_overlay_ref":"crafting.armor_overlay_helmet","$button_ref":"crafting.no_coalesce_container_slot_button","$focus_id_binding_type":"none","$focus_id":"armor_item_head","$focus_override_right_binding_type":"none","$focus_override_right":"crafting_input_top_left"}},{"chest_grid_item@common.container_item":{"grid_position":[0,1],"$cell_overlay_ref":"crafting.armor_overlay_chest","$button_ref":"crafting.no_coalesce_container_slot_button","$focus_id_binding_type":"none","$focus_id":"armor_item_chest","$focus_override_right_binding_type":"none","$focus_override_right":"crafting_input_top_left"}},{"legs_grid_item@common.container_item":{"grid_position":[0,2],"$cell_overlay_ref":"crafting.armor_overlay_legs","$button_ref":"crafting.no_coalesce_container_slot_button","$focus_id_binding_type":"none","$focus_id":"armor_item_legs","$focus_override_right_binding_type":"none","$focus_override_right":"crafting_input_mid_left"}},{"feet_grid_item@common.container_item":{"grid_position":[0,3],"$cell_overlay_ref":"crafting.armor_image_feet","$button_ref":"crafting.no_coalesce_container_slot_button","$focus_id_binding_type":"none","$focus_id":"armor_item_feet","$focus_override_right_binding_type":"none","$focus_override_right":"offhand_items0"}}]}}],"bindings":[{"binding_type":"view","source_control_name":"armmm_tgl","source_property_name":"#toggle_state","target_property_name":"#visible"}]},"ohp":{"type":"input_panel","prevent_touch_input":true,"size":[18,18],"anchor_from":"center","anchor_to":"center","offset":[-230,50],"layer":100,"controls":[{"offhand_hud":{"type":"grid","layer":1,"anchor_from":"center","anchor_to":"center","grid_dimensions":[1,1],"$item_collection_name":"offhand_items","collection_name":"$item_collection_name","controls":[{"offhand_grid_item@common.container_item":{"grid_position":[0,0],"$cell_overlay_ref":"crafting.armor_overlay_shield","$button_ref":"crafting.no_coalesce_container_slot_button","$pressed_button_name":"button.menu_auto_place"}}]}}],"bindings":[{"binding_type":"view","source_control_name":"armmm_tgl","source_property_name":"#toggle_state","target_property_name":"#visible"}]},"rilhotbar":{"type":"input_panel","prevent_touch_input":true,"anchor_from":"center","anchor_to":"center","size":["100%","20%"],"layer":100,"offset":[0,65],"controls":[{"contentikkkkk@common.hotbar_grid_template":{}}],"bindings":[{"binding_type":"view","source_control_name":"hbbb_tgl","source_property_name":"#toggle_state","target_property_name":"#visible"}]},"hbbbtoggg@common.button":{"offset":[110,95],"size":[20,20],"prevent_touch_input":true,"controls":[{"hbt@common_toggles.light_text_toggle":{"layer":200,"$button_text":"><","$toggle_view_binding_name":"hbbb_tgl"}}]}}