{"pause_screen":{"absorbs_input":false,"force_render_below":true,"$use_loading_bars":false,"load_screen_immediately":true,"close_on_player_hurt":false,"modifications":[{"array_name":"controls","operation":"insert_front","value":{"xylon_mod_menu":{"type":"input_panel","size":["100%","100%"],"controls":[{"xylon_menu_toggle@common_toggles.light_text_toggle":{"offset":[-200,0],"size":[60,20],"$button_text":"XYLON","$toggle_default_state":true,"alpha":0.75,"anchor_from":"top_middle","anchor_to":"top_middle","$toggle_view_binding_name":"xylon_toggle"}}]}}}]}}