{"pause_screen":{"absorbs_input":false,"force_render_below":true,"$use_loading_bars":false,"load_screen_immediately":true,"close_on_player_hurt":false,"modifications":[{"array_name":"controls","operation":"insert_front","value":{"diamond_tweaks_pau_panel":{"type":"input_panel","size":["100%","100%"],"controls":[{"pauuuuuuuu@common.base_screen":{"size":["100%","100%"],"bindings":[{"binding_type":"view","source_control_name":"pauee_tgl","source_property_name":"#toggle_state","target_property_name":"#visible"}]}},{"pt@common_toggles.light_text_toggle":{"offset":[-200,0],"size":[60,20],"$button_text":"MENU","$toggle_default_state":true,"alpha":0.75,"anchor_from":"top_middle","anchor_to":"top_middle","$toggle_view_binding_name":"pauee_tgl"}}]}}}]}}