{"namespace":"play","bg_a":{"anim_type":"wait","duration":3.0,"next":"@bg_a2"},"bg_a2":{"anim_type":"size","easing":"in_out_quad","duration":1.0,"from":["200%","200%"],"to":["180%","180%"],"next":"@bg_a3"},"bg_a3":{"anim_type":"wait","duration":1.0,"next":"@bg_a4"},"bg_a4":{"anim_type":"size","easing":"in_out_quad","duration":1.0,"from":["180%","180%"],"to":["200%","200%"],"next":"@bg_a"},"play_screen_content":{"modifications":[{"array_name":"controls","operation":"insert_back","value":[{"bg":{"type":"image","texture":"textures/diamond_tweaks/bg.png","layer":-10,"size":["200%","200%"],"anims":["@start.bg_a"]}}]}]}}