{"namespace":"server_form","third_party_server_screen@common.base_screen":{"load_screen_immediately":true,"$screen_animations":[],"$use_loading_bars":false,"low_frequency_rendering":true,"render_game_behind":true,"force_render_below":true,"absorbs_input":false,"is_showing_menu":false,"modifications":[{"array_name":"controls","operation":"insert_front","value":{"invpnlmn":{"type":"panel","size":["100%","100%"],"controls":[{"0@pnl":{}},{"1@tgl":{}},{"2@pnll":{}},{"3@tgll":{}}]}}}]},"pnl":{"type":"input_panel","prevent_touch_input":true,"$toggle_default_state":true,"size":["100%","100%"],"layer":100,"controls":[{"contentik@long_form":{"close_on_player_hurt":false}}],"bindings":[{"binding_type":"view","source_control_name":"ctk_tgl","source_property_name":"#toggle_state","target_property_name":"#visible"}]},"tgl@common.button":{"offset":[110,-99],"size":[20,20],"toggle_default_state":true,"prevent_touch_input":true,"controls":[{"t@common_toggles.light_text_toggle":{"layer":200,"$button_text":"[L]","$toggle_view_binding_name":"ctk_tgl"}}]},"pnll":{"type":"input_panel","prevent_touch_input":true,"size":["100%","100%"],"layer":100,"controls":[{"contentik@custom_form":{"close_on_player_hurt":false}}],"bindings":[{"binding_type":"view","source_control_name":"ctkk_tgl","source_property_name":"#toggle_state","target_property_name":"#visible"}]},"tgll@common.button":{"offset":[135,-99],"size":[20,20],"toggle_default_state":true,"prevent_touch_input":true,"controls":[{"t@common_toggles.light_text_toggle":{"layer":200,"$button_text":"[C]","$toggle_view_binding_name":"ctkk_tgl"}}]}}