{"screen_world_controls_and_settings":{"load_screen_immediately":true,"$screen_animations":[],"$use_loading_bars":false,"low_frequency_rendering":true,"render_game_behind":true,"force_render_below":true,"absorbs_input":false,"is_showing_menu":false,"close_on_player_hurt":false,"modifications":[{"array_name":"controls","operation":"insert_front","value":{"invpnlmn":{"type":"panel","size":["100%","100%"],"controls":[{"0@rilinventar":{}},{"1@innnnvtoggg":{}},{"2@zoom":{}},{"3@f5":{}},{"4@auto":{}}]}}}]},"rilinventar":{"type":"input_panel","prevent_touch_input":true,"size":["100%","100%"],"layer":100,"controls":[{"contentik@common.base_screen":{"close_on_player_hurt":false}}],"bindings":[{"binding_type":"view","source_control_name":"invvv_tgl","source_property_name":"#toggle_state","target_property_name":"#visible"}]},"innnnvtoggg@common.button":{"offset":[110,-99],"size":[20,20],"layer":200,"prevent_touch_input":true,"toggle_default_state":true,"$toggle_default_state":true,"controls":[{"it@common_toggles.light_text_toggle":{"layer":200,"$button_text":"[S]","$toggle_view_binding_name":"invvv_tgl"}}]},"zoom":{"type":"input_panel","prevent_touch_input":true,"offset":[-50,-99],"size":[20,20],"controls":[{"fov_slider@settings_common.option_slider":{"$ignored":"($is_holographic and $is_reality_mode and not $is_pregame)","$slider_tts_text_value":"#field_of_view_text_value","$slider_name":"field_of_view","$slider_value_binding_name":"#field_of_view","$option_enabled_binding_name":"#field_of_view_enabled","$label_bindings":[{"binding_name":"$option_label"}]}}]},"f5":{"type":"input_panel","prevent_touch_input":true,"offset":[-75,-70],"size":[20,60],"controls":[{"f5@settings_common.option_radio_dropdown_group":{"$radio_buttons":[{"@settings_common.radio_with_label":{"$toggle_state_binding_name":"#thirdperson_radio_first","$radio_label_text":"","offset":["-20","-60"]}},{"@settings_common.radio_with_label":{"$toggle_state_binding_name":"#thirdperson_radio_third_back","$radio_label_text":"","offset":["-40","-60"]}},{"@settings_common.radio_with_label":{"$toggle_state_binding_name":"#thirdperson_radio_third_front","$radio_label_text":"","offset":["-60","-60"]}}]}}]},"auto":{"type":"input_panel","prevent_touch_input":true,"offset":[-100,-90],"size":[20,20],"controls":[{"hotbar_only_touch_toggle@settings_common.option_toggle":{"$option_label":"options.hotbarOnlyTouch","$option_binding_name":"#hotbar_only_touch","$option_enabled_binding_name":"#hotbar_only_touch_enabled","$toggle_name":"hotbar_only_touch"}}]}}