{
  "format_version": "1.16.100",
  "render_controllers": {
    "controller.render.items.others": {
      "geometry": "Geometry.items",
      "materials": [
        {
          "*": "material.default"
         } 
       ],
		  "arrays": {
        "textures": {
          "Array.stick": [
            "Texture.stick"
          ],
          "Array.ender_pearl": [
            "Texture.ender_pearl"
          ]
        }
      },

      "textures": [
        "query.get_equipped_item_name == 'stick' ? Array.stick[query.life_time * 1] : (query.get_equipped_item_name == 'ender_pearl' ? Array.ender_pearl[query.life_time * 1] : Texture.none)"
      ],
      "part_visibility": [
        { "*": "query.get_equipped_item_name == 'stick' || query.get_equipped_item_name == 'ender_pearl'" }
      ],
      "is_hurt_color": {
        "r": "0",
        "g": "0",
        "b": "0",
        "a": "0"
      },
      "on_fire_color": {
        "r": "0",
        "g": "0",
        "b": "0",
        "a": "0"
      }
    }
  }
}
