{
  "format_version": "1.16.100",
  "render_controllers": {
    "controller.render.items.ores": {
      "geometry": "Geometry.items",
      "materials": [
        {
          "*": "material.default"
         } 
       ],
		  "arrays": {
        "textures": {
          "Array.diamond": [
            "Texture.diamond"
          ],
          "Array.iron_ingot": [
            "Texture.iron_ingot"
          ],
          "Array.gold_ingot": [
            "Texture.gold_ingot"
          ],
          "Array.netherite_ingot": [
            "Texture.netherite_ingot"
          ],
          "Array.emerald": [
            "Texture.emerald"
          ],
          "Array.glowstone_dust": [
            "Texture.glowstone_dust"
          ],
          "Array.redstone": [
            "Texture.redstone"
          ],
          "Array.coal": [
            "Texture.coal"
          ],
          "Array.flint": [
            "Texture.flint"
          ],
          "Array.gunpowder": [
            "Texture.gunpowder"
          ],
          "Array.iron_nugget": [
            "Texture.iron_nugget"
          ],
          "Array.gold_nugget": [
            "Texture.gold_nugget"
          ],
          "Array.lapis_lazuli": [
            "Texture.lapis_lazuli"
          ],
          "Array.quartz": [
            "Texture.quartz"
          ]
        }
      },

      "textures": [
        "query.get_equipped_item_name == 'diamond' ? Array.diamond[query.life_time * 1] : (query.get_equipped_item_name == 'iron_ingot' ? Array.iron_ingot[query.life_time * 1] : (query.get_equipped_item_name == 'gold_ingot' ? Array.gold_ingot[query.life_time * 1] : (query.get_equipped_item_name == 'netherite_ingot' ? Array.netherite_ingot[query.life_time * 1] : (query.get_equipped_item_name == 'emerald' ? Array.emerald[query.life_time * 1] : (query.get_equipped_item_name == 'glowstone_dust' ? Array.glowstone_dust[query.life_time * 1] : (query.get_equipped_item_name == 'coal' ? Array.coal[query.life_time * 1] : (query.get_equipped_item_name == 'flint' ? Array.flint[query.life_time * 1] : (query.get_equipped_item_name == 'redstone' ? Array.redstone[query.life_time * 1] : (query.get_equipped_item_name == 'gunpowder' ? Array.gunpowder[query.life_time * 1] : (query.get_equipped_item_name == 'iron_nugget' ? Array.iron_nugget[query.life_time * 1] : (query.get_equipped_item_name == 'gold_nugget' ? Array.gold_nugget[query.life_time * 1] : (query.get_equipped_item_name == 'lapis_lazuli' ? Array.lapis_lazuli[query.life_time * 1] : (query.get_equipped_item_name == 'quartz' ? Array.quartz[query.life_time * 1] : Texture.none)))))))))))))"
      ],
      "part_visibility": [
        { "*": "query.get_equipped_item_name == 'diamond' || query.get_equipped_item_name == 'iron_ingot'  || query.get_equipped_item_name == 'gold_ingot' || query.get_equipped_item_name == 'netherite_ingot' || query.get_equipped_item_name == 'emerald' || query.get_equipped_item_name == 'redstone' || query.get_equipped_item_name == 'glowstone_dust' || query.get_equipped_item_name == 'coal' || query.get_equipped_item_name == 'flint' || query.get_equipped_item_name == 'gunpowder' || query.get_equipped_item_name == 'iron_nugget' || query.get_equipped_item_name == 'gold_nugget' || query.get_equipped_item_name == 'lapis_lazuli' || query.get_equipped_item_name == 'quartz'" }
      ],
      "is_hurt_color": {
        "r": "0",
        "g": "0",
        "b": "0",
        "a": "0"
      },
      "on_fire_color": {
        "r": "0",
        "g": "0",
        "b": "0",
        "a": "0"
      }
    }
  }
}
