{
  "format_version": "1.16.100",
  "render_controllers": {
    "controller.render.item.torch": {
      "geometry": "Geometry.items",
      "materials": [
        {
          "*": "material.default"
         } 
       ],
		  "arrays": {
        "textures": {
          "Array.torch": [
            "Texture.torch"
          ],
          "Array.redstone_torch": [
            "Texture.redstone_torch"
          ]
        }
      },

      "textures": [
        "query.get_equipped_item_name == 'torch' ? Array.torch[query.life_time * 1] : (query.get_equipped_item_name == 'redstone_torch' ? Array.redstone_torch[query.life_time * 1] : Texture.none)"
      ],
      "part_visibility": [
        { "*": "query.get_equipped_item_name == 'torch' || query.get_equipped_item_name == 'redstone_torch'" }
      ],
      "is_hurt_color": {
        "r": "0",
        "g": "0",
        "b": "0",
        "a": "0"
      },
      "on_fire_color": {
        "r": "0",
        "g": "0",
        "b": "0",
        "a": "0"
      }
    }
  }
}
