{
  "namespace": "sdl_text_row",

  "sdl_text_row_factory@sdl_label.sdl_label_factory": {
    "layer": 2,
    "anchor_to": "top_middle",
    "anchor_from": "top_middle",
    "$sdl_label_binding_name": "#text_row_label",
    "$sdl_label_text_color": "#color",
    "$sdl_label_font_type": "#font_type",
    "$sdl_label_font_scalar": "#font_scale_factor",
    "$sdl_label_size": [ "100%", "default" ],
    "$sdl_label_max_size": [ "100%", "default" ],
    "$sdl_label_alignment": "#text_alignment",
    "$sdl_label_binding_type": "collection",

    "$sdl_factory_bindings": [
      {
        "binding_type": "$store_factory_collection_details",
        "binding_collection_name": "$store_factory_collection_name",
        "binding_collection_prefix": "$store_factory_collection_prefix"
      },
      {
        "binding_name": "#text_row_ids",
        "binding_collection_name": "$store_factory_collection_name",
        "binding_name_override": "#collection_length"
      }
    ],

    "$sdl_label_bindings": [
      {
        "binding_type": "$store_factory_collection_details",
        "binding_collection_name": "$store_factory_collection_name",
        "binding_collection_prefix": "$store_factory_collection_prefix"
      },
      {
        "binding_type": "$sdl_label_binding_type",
        "binding_collection_name": "$sdl_label_collection_name",
        "binding_name": "#text_row_label"
      },
      {
        "binding_type": "$sdl_label_binding_type",
        "binding_collection_name": "$sdl_label_collection_name",
        "binding_name": "#text_row_font_scale",
        "binding_name_override": "#font_scale_factor"
      },
      {
        "binding_type": "$sdl_label_binding_type",
        "binding_collection_name": "$sdl_label_collection_name",
        "binding_name": "#text_row_font_type",
        "binding_name_override": "#font_type"
      },
      {
        "binding_type": "$sdl_label_binding_type",
        "binding_collection_name": "$sdl_label_collection_name",
        "binding_name": "#text_row_text_color",
        "binding_name_override": "#color"
      },
      {
        "binding_type": "$sdl_label_binding_type",
        "binding_collection_name": "$sdl_label_collection_name",
        "binding_name": "#text_row_alignment",
        "binding_name_override": "#text_alignment"
      }
    ]
  },

  "sdl_header_component_factory@sdl_label.sdl_label_factory": {
    "layer": 2,
    "anchor_to": "top_middle",
    "anchor_from": "top_middle",
    "$sdl_label_max_size": [ "100%", "default" ],
    "$sdl_label_binding_type": "collection",
    "$sdl_label_binding_name": "#header_label_from_style",
    "$sdl_label_text_color": "#header_label_color",
    "$sdl_label_font_type": "#header_label_font_type",
    "$sdl_label_font_scalar": "#header_label_font_scale",
    "$sdl_label_alignment": "#header_label_alignment",

    "$sdl_factory_bindings": [
      {
        "binding_type": "$store_factory_collection_details",
        "binding_collection_name": "$store_factory_collection_name",
        "binding_collection_prefix": "$store_factory_collection_prefix"
      },
      {
        "binding_name": "#header_label_id",
        "binding_type": "collection",
        "binding_collection_name": "$store_factory_collection_name",
        "binding_name_override": "#collection_length"
      }
    ],

    // If we don't define this here it can be overwritten from above us in the visual tree
    "$sdl_label_bindings": [
      {
        "binding_type": "$store_factory_collection_details",
        "binding_collection_name": "$store_factory_collection_name",
        "binding_collection_prefix": "$store_factory_collection_prefix"
      },
      {
        "binding_type": "$sdl_label_binding_type",
        "binding_collection_name": "$sdl_label_collection_name",
        "binding_name": "$sdl_label_binding_name"
      },
      {
        "binding_type": "$sdl_label_binding_type",
        "binding_collection_name": "$sdl_label_collection_name",
        "binding_name": "$sdl_label_text_color",
        "binding_name_override": "#color"
      },
      {
        "binding_type": "$sdl_label_binding_type",
        "binding_collection_name": "$sdl_label_collection_name",
        "binding_name": "$sdl_label_font_type",
        "binding_name_override": "#font_type"
      },
      {
        "binding_type": "$sdl_label_binding_type",
        "binding_collection_name": "$sdl_label_collection_name",
        "binding_name": "$sdl_label_font_scalar",
        "binding_name_override": "#font_scale_factor"
      },
      {
        "binding_type": "$sdl_label_binding_type",
        "binding_collection_name": "$sdl_label_collection_name",
        "binding_name": "$sdl_label_alignment",
        "binding_name_override": "#text_alignment"
      }
    ]
  },

  "label_button@common.button": {
    "sound_volume": 1.0,
    "size": [ "100%", "100%sm" ],
    "$pressed_button_name": "button.focus_filler",
    "$button_tts_name": "",
    "focus_enabled": true
  },

  "sdl_header_component_panel": {
    "type": "panel",
    "anchor_to": "center",
    "size": [ "100%", "100%cm" ],
    "controls": [
      {
        "header_background@common_store.store_description_background": {
          "size": "$background_size",
          "anchor_to": "top_middle",
          "anchor_from": "top_middle",
          "$background_size|default": [ "100%", "100%sm" ],
          "offset": [ 0, 2 ],
          "layer": 1,
          "bindings": [
            {
              "binding_name": "#show_header_background",
              "binding_type": "collection",
              "binding_collection_name": "$store_factory_collection_name",
              "binding_name_override": "#visible"
            },
            {
              "binding_type": "$store_factory_collection_details",
              "binding_collection_name": "$store_factory_collection_name",
              "binding_collection_prefix": "$store_factory_collection_prefix"
            }
          ]
        }
      },
      {
        "header_internals@common.tts_activate_sibling": {
          "anchor_to": "top_middle",
          "anchor_from": "top_middle"
        }
      },
      {
        "header_highlight": {
          "type": "image",
          "size": [ "100%", "100%sm" ],
          "anchor_to": "top_middle",
          "anchor_from": "top_middle",
          "offset": [ 0, 2 ],
          "layer": 2,
          "texture": "textures/ui/call_out_header",
          "bindings": [
            {
              "binding_name": "#header_bg_color_visible",
              "binding_name_override": "#visible",
              "binding_type": "collection",
              "binding_collection_name": "$store_factory_collection_name"
            },
            {
              "binding_name": "#header_bg_color",
              "binding_type": "collection",
              "binding_collection_name": "$store_factory_collection_name",
              "binding_name_override": "#color"
            },
            {
              "binding_type": "$store_factory_collection_details",
              "binding_collection_name": "$store_factory_collection_name",
              "binding_collection_prefix": "$store_factory_collection_prefix"
            }
          ]
        }
      },
      {
        "text_row_header_text@sdl_text_row.sdl_header_component_factory": {
          "$sdl_factory_size": [ "100%", "100%c" ]
        }
      }
    ]
  },

  "sdl_text_row_component_panel": {
    "type": "panel",
    "anchor_to": "center",
    "size": [ "100%", "100%cm" ],
    "controls": [
      {
        "text_background@common_store.store_description_background": {
          "size": "$background_size",
          "anchor_to": "top_middle",
          "anchor_from": "top_middle",
          "$background_size|default": [ "100%", "100%sm" ],
          "offset": [ 0, 2 ],
          "layer": 1,
          "bindings": [
            {
              "binding_name": "#text_row_show_background",
              "binding_name_override": "#visible"
            },
            {
              "binding_type": "$store_factory_collection_details",
              "binding_collection_name": "$store_factory_collection_name",
              "binding_collection_prefix": "$store_factory_collection_prefix"
            }
          ]
        }
      },
      {
        "text_row_selector@common.tts_activate_sibling": {
          "anchor_to": "top_middle",
          "anchor_from": "top_middle"
        }
      },
      {
        "text_row_background": {
          "type": "image",
          "size": [ "100%", "100%sm" ],
          "anchor_to": "top_middle",
          "anchor_from": "top_middle",
          "offset": [ 0, 2 ],
          "layer": 2,
          "texture": "textures/ui/call_out_header",
          "bindings": [
            {
              "binding_name": "#text_row_highlight_visible",
              "binding_name_override": "#visible"
            },
            {
              "binding_name": "#text_row_highlight_color",
              "binding_name_override": "#color"
            },
            {
              "binding_type": "$store_factory_collection_details",
              "binding_collection_name": "$store_factory_collection_name",
              "binding_collection_prefix": "$store_factory_collection_prefix"
            }
          ]
        }
      },
      {
        "text_row_component_text@sdl_text_row.sdl_text_row_factory": {
          "$sdl_factory_size": [ "100%", "100%c" ]
        }
      }
    ]
  },

  "solo_text_row": {
    "type": "stack_panel",
    "orientation": "horizontal",
    "size": [ "100%", "100%cm" ],
    "controls": [
      {
        "buffer_panel_front": {
          "type": "panel",
          "size": [ "2px", "100%sm" ]
        }
      },
      {
        "headercomp_and_textcomp_panel": {
          "type": "stack_panel",
          "orientation": "vertical",
          "size": [ "fill", "100%c" ],
          "controls": [
            {
              "text_row_header_text_panel@sdl_text_row.sdl_header_component_panel": {}
            },
            {
              "text_row_text_panel@sdl_text_row.sdl_text_row_component_panel": {}
            }
          ]
        }
      },
      {
        "buffer_panel_back": {
          "type": "panel",
          "size": [ "2px", "100%sm" ]
        }
      }
    ]
  }
}
