{
  "namespace": "sdl_dropdowns",

  "sdl_dropdown_rows": {
    "type": "panel",
    "size": [ "100%", "100%c" ],
    "controls": [
      {
        "container_panel": {
          "type": "stack_panel",
          "orientation": "vertical",
          "size": [ "100%", "100%c" ],
          "controls": [
            {
              "toggle@sdl_dropdowns.sdl_rows_toggle": {
                "size": [ "100%", 24 ],
                "$toggle_name": "toggle.sdl_rows_dropdown",
                "bindings": [
                  {
                    "binding_type": "$store_factory_collection_details",
                    "binding_collection_name": "$store_factory_collection_name",
                    "binding_collection_prefix": "$store_factory_collection_prefix"
                  }
                ]
              }
            },
            {
              "pad@common.empty_panel": {
                "size": [ "100%", 2 ]
              }
            }
          ]
        }
      }
    ]
  },

  "sdl_rows_toggle@common_toggles.light_content_toggle": {
    "$ignore_content_toggle_image": true,

    "$default_checked_text_color": "$dropdown_radio_background_checked_color",
    "$hover_texture": "textures/ui/button_borderless_lightpressednohover",

    "$content_toggle_label_offset": [ 0, 0 ],
    "$content_toggle_label_font_type": "default",

    "$content_toggle_icon_size": [ 11, 11 ],
    "$checked_toggle_icon": "textures/ui/dropdown_chevron_up",
    "$checked_hover_toggle_icon": "textures/ui/chevron_white_up",
    "$unchecked_toggle_icon": "textures/ui/dropdown_chevron",
    "$unchecked_hover_toggle_icon": "textures/ui/chevron_white_down",

    "$toggle_binding_type": "$store_factory_binding_type",
    "$toggle_binding_condition": "visible",
    "$toggle_grid_collection_name": "$store_factory_collection_name",
    "$toggle_state_binding_name": "#sdl_dropdown_row_expanded",
    "$toggle_parent_collection_details_prefix": "$store_factory_collection_prefix",
    "$toggle_parent_collection_details": "$store_factory_collection_details",
    "$toggle_parent_collection_details_name": "$store_factory_collection_name",

    "$sdl_factory_size": [ "fill", "100%" ],
    "$sdl_label_max_size": [ "100%", "100% - 4px" ],

    "$content_toggle_panel_content": "sdl_label.sdl_label_factory",

    "$sdl_label_binding_name": "#header_label_from_style",
    "$sdl_label_text_color": "#header_label_color",
    "$sdl_label_font_type": "#header_label_font_type",
    "$sdl_label_font_scalar": "#header_label_font_scale",
    "$sdl_label_alignment": "#header_label_alignment",
    "$sdl_label_binding_type": "collection",

    // If we don't define this here it can be overwritten from above us in the visual tree
    "$sdl_label_bindings": [
      {
        "binding_type": "$store_factory_collection_details",
        "binding_collection_name": "$store_factory_collection_name",
        "binding_collection_prefix": "$store_factory_collection_prefix"
      },
      {
        "binding_type": "$sdl_label_binding_type",
        "binding_collection_name": "$sdl_label_collection_name",
        "binding_name": "$sdl_label_binding_name"
      },
      {
        "binding_type": "$sdl_label_binding_type",
        "binding_collection_name": "$sdl_label_collection_name",
        "binding_name": "$sdl_label_text_color",
        "binding_name_override": "#color"
      },
      {
        "binding_type": "$sdl_label_binding_type",
        "binding_collection_name": "$sdl_label_collection_name",
        "binding_name": "$sdl_label_font_type",
        "binding_name_override": "#font_type"
      },
      {
        "binding_type": "$sdl_label_binding_type",
        "binding_collection_name": "$sdl_label_collection_name",
        "binding_name": "$sdl_label_font_scalar",
        "binding_name_override": "#font_scale_factor"
      },
      {
        "binding_type": "$sdl_label_binding_type",
        "binding_collection_name": "$sdl_label_collection_name",
        "binding_name": "$sdl_label_alignment",
        "binding_name_override": "#text_alignment"
      }
    ],

    "$content_image_binding_name": "textures/ui/chevron_white_down",
    "$sdl_factory_bindings": [
      {
        "binding_type": "$store_factory_collection_details",
        "binding_collection_name": "$store_factory_collection_name",
        "binding_collection_prefix": "$store_factory_collection_prefix"
      },
      {
        "binding_name": "#header_label_id",
        "binding_type": "collection",
        "binding_collection_name": "$store_factory_collection_name",
        "binding_name_override": "#collection_length"
      }
    ]
  }
}
