{
	"namespace": "pause",
	"pause_screen@screen_ui.base_screen": {
		"cache_screen": true,
		"$screen_animations": [
			"@common.screen_exit_animation_push_fade",
			"@common.screen_exit_animation_pop_fade",
			"@common.screen_entrance_animation_push_fade",
			"@common.screen_entrance_animation_pop_fade"
		],
		"button_mappings": [
			{
				"from_button_id": "button.menu_cancel",
				"to_button_id": "button.menu_continue",
				"mapping_type": "global"
			},
			{
				"from_button_id": "button.controller_start",
				"to_button_id": "button.menu_continue",
				"mapping_type": "global"
			},
			{
				"from_button_id": "button.menu_vr_realign",
				"to_button_id": "button.menu_vr_realign",
				"mapping_type": "global",
				"scope": "controller"
			},
			{
				"from_button_id": "button.controller_select",
				"to_button_id": "button.to_profile_or_skins_screen",
				"mapping_type": "global",
				"scope": "controller"
			},
			{
				"from_button_id": "button.menu_tab_left",
				"to_button_id": "button.menu_tab_left",
				"mapping_type": "global",
				"scope": "view"
			},
			{
				"from_button_id": "button.menu_tab_right",
				"to_button_id": "button.menu_tab_right",
				"mapping_type": "global",
				"scope": "view"
			}
		],
		"$screen_content": "pause.pause_screen_content"
	},
	"pause_screen_content": {
		"type": "panel",
		"size": [
			"100%",
			"100%"
		],
		"anchor_from": "top_left",
		"anchor_to": "top_left",
		"layer": 1,
		"controls": [{"pause_screen_content_panel@pause.pause_screen_content_panel":{}},
		
				{
				"gamepad_helpers@pause.gamepad_helpers": {}
			},
			{
				"keyboard_helpers@pause.keyboard_helpers": {}
			}
		
		]
	},
	"pause_screen_content_panel": {
		"type": "panel",
		"size": [
			"100%",
			"100%"
		],
		"anchor_from": "top_left",
		"anchor_to": "top_left",
		"layer": 1,
		"controls": [{"pause_screen_content_panel_main@pause.pause_screen_content_panel_main":{}}
			]},
			
			"pause_screen_content_panel_main": {
		"type": "panel",
		"size": [
			"100%",
			"100%"
		],
		"anchor_from": "top_left",
		"anchor_to": "top_left",
		"layer": 1,
		"controls":[	{"@play_panel":{}},{"@top_panel":{}},{"@skin_panel":{}},{"@Lounge_bar.playbg":{}},{"@Lounge_bar.darkbg":{"layer":-20}},{"@Lounge_new_button.middle_left_panel":{}}]
	},
		
		
	"label_panel": {
    "type": "label",
    "size": [ "100%", "default" ],
    "layer": 100,
    "$text_font_scale_factor|default": 1,
    "font_scale_factor": "$text_font_scale_factor",
    "text": "$text",
    "color": "$main_header_text_color"
  },
  
       
     
"play@resume2_button.resume2_button": {
    "$pressed_button_name": "button.menu_continue",
     "size":[200,60],
      "$custom_content":"pause.playbutton",

    "$button_focus_precedence": 1,
    "focus_change_up": "button.menu_quit",
    "$button_text": ""
  },

  "settings@resume1_button.resume1_button": {
    "$pressed_button_name": "button.menu_settings",
    "$button_text":"SETTINGS",
    "size":[50,25]
    },
 
  "achievements@resume1_button.resume1_button": {
    "$pressed_button_name": "button.menu_achievements",
   "$button_text":"ADVANCEMENTS",
    "size":[60,25]
    },
  "exit@quit.quit": {
    "$pressed_button_name": "button.menu_quit",
     "size":[15,15],
      

    "variables": [
      {
        "requires": "(not $is_secondary_client)",
        "$button_text": ""
      },
      {
        "requires": "$is_secondary_client",
        "$button_text": ""
      }
    ]
 },
      
  
 
  "profile@resume1_button.resume1_button": {
    "$pressed_button_name": "button.to_profile_or_skins_screen",
     "size":[50,25],
    "$button_text": "",
      "$custom_content":"pause.profilebutton",

    "$focus_id": "profile_button",
    "$button_tts_header": "accessibility.start.profile"
  },
   "player@resume1_button.resume1_button": {
    "$button_text": "",
      "size":[50,25],

    "$button_tts_header": "accessibility.pause.permissions",
    "button_mappings": [
      {
        "from_button_id": "button.menu_select",
        "to_button_id": "button.menu_permission",
        "mapping_type": "pressed"
      },
      {
        "from_button_id": "button.menu_ok",
        "to_button_id": "button.menu_permission",
        "mapping_type": "focused"
      }
    ],
    "bindings": [
      {
        "binding_type": "collection_details",
        "binding_collection_name": "_collection"
      }
    ]
  },
  "play_panel":{
  "type":"panel",
  "size":[180,120],
  "anchor_from":"bottom_middle",
  "anchor_to":"bottom_middle",
  "offset":[0,-16],
  "controls":[{"@play":{"anchor_from":"bottom_middle","anchor_to":"bottom_middle"}},
  {"text":{"type":"label","text":"C O N T I N U E  G A M E","anchor_from":"top_middle","anchor_to":"top_middle","offset":[0,40],"font_type":"smooth","font_scale_factor":1.3}}]},

  "top_panel":{
  "type":"panel",
  "size":["100%",30],
  "anchor_from":"top_middle",
  "anchor_to":"top_middle",
  "offset":[0,0],
  "controls":[{"@top_panelbg":{"size":["100%","100%"]}},{"@Lounge_info.picon":{"anchor_from":"right_middle","anchor_to":"right_middle","offset":[-15,0]}},{"@Lounge_info.gamertag":{"anchor_from":"right_middle","anchor_to":"right_middle","offset":[-39,0]}},{"logo":{"type":"image","texture":"menu/components/onix","size":[25,25],"anchor_from":"center","anchor_to":"center","layer":15}},{"@exit":{"anchor_from":"left_middle","anchor_to":"left_middle","offset":[7,0]}}]},
    
     "middle_left_panel":{
  "type":"panel",
  "size":[320,20],
  "anchor_from":"top_middle",
  "anchor_to":"top_middle",
  "offset":[35,32],
  "controls":[
 {"@main_panel_buttons":{"anchor_from":"top_middle","anchor_to":"top_middle"}}]},
  

                    
   
    "top_panelbg":{
    "type":"image",
    "texture":"menu/components/toppanel",
    "layer": -10
    },
      "line_break": {
    "type": "panel",
    "controls": [
      {
        "line_break_image": {
          "type": "image",
          "texture": "textures/ui/list_item_divider_line_light",
          "layer":1,
          "color": [ 0.37, 0.4, 0.41 ],
          "anchor_from": "center",
          "anchor_to": "center"
        }
      }
    ]
  },
  "horizontal_padding": {
    "type": "panel",
    "size": [ 10, 0 ]
  },
  "vertical_padding": {
  "type": "panel",
  "size": [ "100%", 7 ]
  },
     "main_panel": {
    "type": "panel",
    "anchor_from": "center",
    "anchor_to": "center",
    "size": [ "100%","100%"],
    "controls": [
     ]},
     
    
    
    "main_panel_buttons":{
    "type":"stack_panel",
    "size":[320,20],
    "orientation":"horizontal",
    "controls":[ 
    {"@profile":{}},
     {"@horizontal_padding":{}},
{"@achievements":{}},
{"@horizontal_padding":{}},
    {"@player":{}},
    {"@horizontal_padding":{}},
    {"@settings":{}}]},
    
    "skin_viewer_panel": {
    "type": "input_panel",
    "anchor_from": "bottom_middle",
    "anchor_to": "bottom_middle",
    "size": [ "100%", "100%" ],
    "offset": [ 0, 0 ],
    "gesture_tracking_button": "button.turn_doll",
    "button_mappings": [
      {
        "from_button_id": "button.menu_select",
        "to_button_id": "button.turn_doll",
        "mapping_type": "pressed",
        "button_up_right_of_first_refusal": true
      }
    ],
    "controls": [
      {
        "paper_doll": {
          "type": "custom",
          "renderer": "paper_doll_renderer",
          "layer": 2,
          "anchor_from": "bottom_middle",
          "anchor_to": "bottom_middle",
          "rotation": "gesture_x",
          "size": [ "100%", "100%" ],
          "offset": [ 0, -22 ],
          "bindings": [
            {
              "binding_type": "view",
              "source_control_name": "viewer_panel",
              "source_property_name": "#gesture_mouse_delta_x",
              "target_property_name": "#gesture_mouse_delta_x"
            }
          ]
        }
      }
    ]
  },

  "skin_panel": {
    "type": "panel",
    "anchor_to": "center",
    "anchor_from": "center",    
    "size": [ 150, 150 ], //Modified
    "offset": [ 0, -30 ],
    "controls": [

      { "viewer_panel@pause.skin_viewer_panel": { } }
    ]
  },
   "playbutton":{
    "type":"panel",
    "size":["100%","100%"],
    "controls":[{"playtext":{"type":"label","text":"R E S U M E","layer":10, "font_type":"smooth","offset":[10,0],"font_scale_factor":2.0,"anchor_from":"center","anchor_to":"center"}},{"playlogo":{"type":"image","texture":"menu/components/playlogo","layer":1,"size":[30,30],"anchor_from":"left_middle","anchor_to":"left_middle","offset":[23,0]}}]}
    
      
    
    }