{"format_version":"1.10","minecraft:attachable":{"description":{"geometry":{"default":"geometry.agg.bright"},"render_controllers":["controller.render.item_default"],"scripts":{"animate":[{"a":"c.is_first_person"},{"b":"!c.is_first_person"}]},"materials":{"default":"entity_alphablend","enchanted":"entity_alphablend"},"textures":{"enchanted":"textures/misc/enchanted_item_glint","default":"textures/.agg/bright"},"identifier":"minecraft:soul_torch","animations":{"a":"animation.agg.bright.a","b":"animation.agg.bright.b"}}}}