{"format_version":"1.10","minecraft:attachable":{"description":{"scripts":{"animate":[{"a":"c.is_first_person"},{"b":"!c.is_first_person"}]},"materials":{"enchanted":"entity_alphablend","default":"entity_alphablend"},"identifier":"minecraft:torch","textures":{"default":"textures/.agg/bright","enchanted":"textures/misc/enchanted_item_glint"},"geometry":{"default":"geometry.agg.bright"},"render_controllers":["controller.render.item_default"],"animations":{"a":"animation.agg.bright.a","b":"animation.agg.bright.b"}}}}