{"format_version":"1.10","minecraft:attachable":{"description":{"render_controllers":["controller.render.item_default"],"textures":{"enchanted":"textures/misc/enchanted_item_glint","default":"textures/.agg/bright"},"geometry":{"default":"geometry.agg.bright"},"scripts":{"animate":[{"a":"c.is_first_person"},{"b":"!c.is_first_person"}]},"identifier":"minecraft:lava_bucket","materials":{"enchanted":"entity_alphablend","default":"entity_alphablend"},"animations":{"b":"animation.agg.bright.b","a":"animation.agg.bright.a"}}}}