{"format_version":"1.10","minecraft:attachable":{"description":{"geometry":{"default":"geometry.agg.bright"},"render_controllers":["controller.render.item_default"],"scripts":{"animate":[{"a":"c.is_first_person"},{"b":"!c.is_first_person"}]},"materials":{"enchanted":"entity_alphablend","default":"entity_alphablend"},"identifier":"minecraft:flint","animations":{"a":"animation.agg.bright.a","b":"animation.agg.bright.b"},"textures":{"default":"textures/.agg/bright","enchanted":"textures/misc/enchanted_item_glint"}}}}