{"minecraft:attachable":{"description":{"materials":{"default":"entity_alphablend","enchanted":"entity_alphablend"},"geometry":{"default":"geometry.agg.bright"},"textures":{"default":"textures/.agg/bright","enchanted":"textures/misc/enchanted_item_glint"},"render_controllers":["controller.render.item_default"],"animations":{"b":"animation.agg.bright.b","a":"animation.agg.bright.a"},"scripts":{"animate":[{"a":"c.is_first_person"},{"b":"!c.is_first_person"}]},"identifier":"minecraft:nautilus_shell"}},"format_version":"1.10"}