{"format_version":"1.10","minecraft:attachable":{"description":{"animations":{"a":"animation.agg.bright.a","b":"animation.agg.bright.b"},"materials":{"default":"entity_alphablend","enchanted":"entity_alphablend"},"scripts":{"animate":[{"a":"c.is_first_person"},{"b":"!c.is_first_person"}]},"geometry":{"default":"geometry.agg.bright"},"textures":{"enchanted":"textures/misc/enchanted_item_glint","default":"textures/.agg/bright"},"identifier":"minecraft:shroomlight","render_controllers":["controller.render.item_default"]}}}