{"format_version":"1.10","minecraft:attachable":{"description":{"identifier":"minecraft:redstone_torch","render_controllers":["controller.render.item_default"],"textures":{"enchanted":"textures/misc/enchanted_item_glint","default":"textures/.agg/bright"},"animations":{"a":"animation.agg.bright.a","b":"animation.agg.bright.b"},"scripts":{"animate":[{"a":"c.is_first_person"},{"b":"!c.is_first_person"}]},"materials":{"enchanted":"entity_alphablend","default":"entity_alphablend"},"geometry":{"default":"geometry.agg.bright"}}}}