{"minecraft:attachable":{"description":{"geometry":{"default":"geometry.agg.bright"},"textures":{"default":"textures/.agg/bright","enchanted":"textures/misc/enchanted_item_glint"},"render_controllers":["controller.render.item_default"],"scripts":{"animate":[{"a":"c.is_first_person"},{"b":"!c.is_first_person"}]},"materials":{"default":"entity_alphablend","enchanted":"entity_alphablend"},"identifier":"minecraft:glowstone","animations":{"b":"animation.agg.bright.b","a":"animation.agg.bright.a"}}},"format_version":"1.10"}