{"minecraft:attachable":{"description":{"animations":{"b":"animation.agg.bright.b","a":"animation.agg.bright.a"},"geometry":{"default":"geometry.agg.bright"},"scripts":{"animate":[{"a":"c.is_first_person"},{"b":"!c.is_first_person"}]},"render_controllers":["controller.render.item_default"],"materials":{"default":"entity_alphablend","enchanted":"entity_alphablend"},"textures":{"enchanted":"textures/misc/enchanted_item_glint","default":"textures/.agg/bright"},"identifier":"minecraft:stick"}},"format_version":"1.10"}