{
 "format_version": "1.10.0",
 "minecraft:attachable": {
  "description": {
   "identifier": "minecraft:shield",
   "materials": {
    "default": "entity_alphatest",
    "enchanted": "entity_alphatest_glint"
   },
   "textures": {
    "DKG_1": "textures/DKG/models/shield/1",
    "DKG_2": "textures/DKG/models/shield/2",
    "DKG_3": "textures/DKG/models/shield/3",
    "DKG_4": "textures/DKG/models/shield/4",
    "DKG_5": "textures/DKG/models/shield/5",
    "DKG_6": "textures/DKG/models/shield/6",
    "DKG_7": "textures/DKG/models/shield/7",
    "DKG_8": "textures/DKG/models/shield/8",
    "DKG_9": "textures/DKG/models/shield/9",
    "DKG_10": "textures/DKG/models/shield/10",
    "DKG_11": "textures/DKG/models/shield/11",
    "DKG_12": "textures/DKG/models/shield/12",
    "DKG_13": "textures/DKG/models/shield/13",
    "DKG_14": "textures/DKG/models/shield/14",
    "DKG_15": "textures/DKG/models/shield/15",
    "DKG_16": "textures/DKG/models/shield/16",
    "DKG_17": "textures/DKG/models/shield/17",
    "DKG_18": "textures/DKG/models/shield/18",
    "DKG_19": "textures/DKG/models/shield/19",
    "enchanted": "textures/misc/enchanted_item_glint"
   },
   "geometry": {
    "default": "geometry.shield"
   },
   "animations": {
    "wield": "controller.animation.shield.wield",
    "wield_main_hand_first_person": "animation.shield.wield_main_hand_first_person",
    "wield_off_hand_first_person": "animation.shield.wield_off_hand_first_person",
    "wield_first_person_block": "animation.shield.wield_first_person_blocking",
    "wield_main_hand_first_person_block": "animation.shield.wield_main_hand_first_person_blocking",
    "wield_off_hand_first_person_block": "animation.shield.wield_off_hand_first_person_blocking",
    "wield_third_person": "animation.shield.wield_third_person"
   },
   "scripts": {
    "animate": [
     "wield"
    ]
   },
   "render_controllers": [
    "controller.render.shield"
   ]
  }
 }
}