{
  "format_version": "1.10.0",
  "minecraft:client_entity": {
    "description": {
      "identifier": "minecraft:player",
      "materials": {
        "default": "player_alphatest",
        "default_entity": "entity_alphatest",
        "cape": "entity_alphatest",
        "animated": "player_animated",
        "tracer": "tracer"
      },
      "textures": {
        "default": "textures/entity/steve",
        "default_entity": "textures/entity/entity",
        "cape": "asset/entity/cape",
        "cape_invisible": "textures/entity/cape_invisible",
        "custom": "textures/entity/custom",
        "white": "white"
      },
      "geometry": {
        "default": "geometry.humanoid.custom",
        "default_entity": "geometry.humanoid.custom",
        "cape": "geometry.cape",
        "tracer": "geometry.tracer",
        "tracerr": "geometry.tracerr"
      },
      "scripts": {
        "scale": "0.9375",
        "initialize": [
          "v.is_holding_right = 0.0;",
          "v.is_blinking = 0.0;",
          "v.last_blink_time = 0.0;",
          "v.hand_bob = 0.0;",
          "v.gbp_tracer = 57.72;",
          "v.render = 0.0;"
        ],
        "pre_animation": [
          "v.cxr = (-q.camera_rotation(0));",
          "v.cyr = (q.camera_rotation(1) - q.body_y_rotation) + 180;",
          "v.helmet_layer_visible = 1.0;",
          "v.leg_layer_visible = 1.0;",
          "v.boot_layer_visible = 1.0;",
          "v.chest_layer_visible = 1.0;",
          "v.attack_body_rot_y = Math.sin(360 * Math.sqrt(v.attack_time)) * 5.0;",
          "v.tcos0 = (math.cos(q.modified_distance_moved * 38.17) * q.modified_move_speed / v.gliding_speed_value) * 57.3;",
          "v.first_person_rotation_factor = math.sin((1 - v.attack_time) * 180.0);",
          "v.hand_bob = query.life_time < 0.01 ? 0.0 : v.hand_bob + ((query.is_on_ground && query.is_alive ? math.clamp(math.sqrt(math.pow(query.position_delta(0), 2.0) + math.pow(query.position_delta(2), 2.0)), 0.0, 0.1) : 0.0) - v.hand_bob) * 0.02;",
          "v.map_angle = math.clamp(1 - v.player_x_rotation / 45.1, 0.0, 1.0);",
          "v.item_use_normalized = q.main_hand_item_use_duration / q.main_hand_item_max_duration;",
          "v.is_third_person = !v.is_first_person && !v.map_face_icon;",
          "v.fix = !q.is_in_ui && q.is_alive;",
          "v.arrmor.all = q.armor_texture_slot(1) == 0 || q.armor_texture_slot(1) == 1 || q.armor_texture_slot(1) == 2 || q.armor_texture_slot(1) == 3 || q.armor_texture_slot(1) == 4 || q.armor_texture_slot(1) == 5 || q.armor_texture_slot(1) == 6 || q.armor_texture_slot(1) == 7;",
          "v.r = math.lerp(0.0, 1.0, math.cos(query.life_time * 360.0));",
          "v.g = math.lerp(0.0, 1.0, -math.cos(query.life_time * 360.0));",
          "v.b = math.lerp(0.0, 1.0, math.sin(query.life_time * 360.0));"
        ],
        "animate": [
          {
            "render": "query.is_in_ui"
          },
          "root",
          "tracer",
          "1cape",
          "2cape",
          "3cape"
        ]
      },
      "animations": {
        "tracer": "animation.tracer",
        "root": "controller.animation.player.root",
        "base_controller": "controller.animation.player.base",
        "hudplayer": "controller.animation.player.hudplayer",
        "humanoid_base_pose": "animation.humanoid.base_pose",
        "look_at_target": "controller.animation.humanoid.look_at_target",
        "look_at_target_ui": "animation.player.look_at_target.ui",
        "look_at_target_default": "animation.humanoid.look_at_target.default",
        "look_at_target_gliding": "animation.humanoid.look_at_target.gliding",
        "look_at_target_swimming": "animation.humanoid.look_at_target.swimming",
        "look_at_target_inverted": "animation.player.look_at_target.inverted",
        "cape": "animation.player.cape",
        "cape1": "animation.player.cape1",
        "cape2": "animation.player.cape2",
        "cape3": "animation.player.cape3",
        "1cape": "controller.animation.player.cape1",
        "2cape": "controller.animation.player.cape2",
        "3cape": "controller.animation.player.cape3",
        "move.arms": "animation.player.move.arms",
        "move.legs": "animation.player.move.legs",
        "swimming": "animation.player.swim",
        "swimming.legs": "animation.player.swim.legs",
        "riding.arms": "animation.player.riding.arms",
        "riding.legs": "animation.player.riding.legs",
        "holding": "animation.player.holding",
        "brandish_spear": "animation.humanoid.brandish_spear",
        "charging": "animation.humanoid.charging",
        "attack.positions": "animation.player.attack.positions",
        "attack.rotations": "animation.player.attack.rotations",
        "sneaking": "animation.player.sneaking",
        "bob": "animation.player.bob",
        "damage_nearby_mobs": "animation.humanoid.damage_nearby_mobs",
        "fishing_rod": "animation.humanoid.fishing_rod",
        "bow_and_arrow": "animation.humanoid.bow_and_arrow",
        "use_item_progress": "animation.humanoid.use_item_progress",
        "skeleton_attack": "animation.skeleton.attack",
        "sleeping": "animation.player.sleeping",
        "first_person_base_pose": "animation.player.first_person.base_pose",
        "first_person_empty_hand": "animation.player.first_person.empty_hand",
        "first_person_swap_item": "animation.player.first_person.swap_item",
        "first_person_attack_controller": "controller.animation.player.first_person_attack",
        "first_person_attack_rotation": "animation.player.first_person.attack_rotation",
        "first_person_attack_rotation_item": "animation.player.first_person.attack_rotation_item",
        "first_person_attack_rotation_sword": "animation.player.first_person.attack_rotation_sword",
        "first_person_vr_attack_rotation": "animation.player.first_person.vr_attack_rotation",
        "first_person_walk": "animation.player.first_person.walk",
        "first_person_map_controller": "controller.animation.player.first_person_map",
        "first_person_map_hold": "animation.player.first_person.map_hold",
        "first_person_map_hold_attack": "animation.player.first_person.map_hold_attack",
        "first_person_map_hold_off_hand": "animation.player.first_person.map_hold_off_hand",
        "first_person_map_hold_main_hand": "animation.player.first_person.map_hold_main_hand",
        "first_person_crossbow_equipped": "animation.player.first_person.crossbow_equipped",
        "third_person_crossbow_equipped": "animation.player.crossbow_equipped",
        "third_person_bow_equipped": "animation.player.bow_equipped",
        "crossbow_hold": "animation.player.crossbow_hold",
        "crossbow_controller": "controller.animation.player.crossbow",
        "shield_block_main_hand": "animation.player.shield_block_main_hand",
        "shield_block_off_hand": "animation.player.shield_block_off_hand",
        "blink": "controller.animation.persona.blink",
        "tooting_goat_horn": "animation.humanoid.tooting_goat_horn",
        "hide_armor": "animation.player.hide_vanilla_armor"
      },
      "render_controllers": [
        { "controller.render.player.first_person": "v.is_first_person && !q.is_in_ui" },
        { "controller.render.player.third_person": "v.is_third_person || (q.is_in_ui ? q.is_on_screen)" },
        { "controller.render.player.map": "v.map_face_icon && !q.is_in_ui" },
        { "controller.render.tracer": "v.fix" },
        { "controller.render.tracerr": "v.fix" },
        { "controller.render.tracer_gbp": "v.gbp_tracer == 57.72" },
        { "controller.render.cape": "v.is_paperdoll || (v.render == 1.0 && !v.is_first_person)" },
        { "controller.render.player.cape": "q.has_cape" }
      ],
      "enable_attachables": true
    }
  }
}
