{
  "format_version": "1.10.0",
  "minecraft:client_entity": {
    "description": {
      "identifier": "minecraft:player",
      "materials": {
        "default": "player_alphatest",
        "cape": "entity_alphatest",
        "animated": "player_animated",
        "tracer": "tracer",
        "emissive": "entity_emissive_alpha_hitbox"
      },
      "textures": {
        "default": "textures/entity/steve",
        "cape": "asset/entity/cape",
        "white": "white",
        "hitbox": "textures/models/hitboxoverlay"
      },
      "geometry": {
        "default": "geometry.humanoid.custom",
        "cape": "geometry.cape",
        "tracer": "geometry.tracer",
        "tracerr": "geometry.tracerr",
        "hitbox": "geometry.hitbox",
        "hitbox_swimming": "geometry.hitbox_swimming"
      },
      "scripts": {
        "scale": "0.9375",
        "initialize": [
          "v.is_holding_right = 0.0;",
          "v.is_blinking = 0.0;",
          "v.last_blink_time = 0.0;",
          "v.hand_bob = 0.0;",
          "v.gbp_tracer = 57.72;"
        ],
        "pre_animation": [
          "v.cxr = (-q.camera_rotation(0));",
          "v.cyr = (q.camera_rotation(1)-q.body_y_rotation)+180;",
          "v.helmet_layer_visible = 1.0;",
          "v.leg_layer_visible = 1.0;",
          "v.boot_layer_visible = 1.0;",
          "v.chest_layer_visible = 1.0;",
          "v.attack_body_rot_y = Math.sin(360*Math.sqrt(v.attack_time)) * 5.0;",
          "v.tcos0 = (math.cos(q.modified_distance_moved * 38.17) * q.modified_move_speed / v.gliding_speed_value) * 57.3;",
          "v.first_person_rotation_factor = math.sin((1 - v.attack_time) * 180.0);",
          "v.map_angle = math.clamp(1 - v.player_x_rotation / 45.1, 0.0, 1.0);",
          "v.item_use_normalized = q.main_hand_item_use_duration / q.main_hand_item_max_duration;",
          "v.is_third_person = !v.is_first_person && !v.map_face_icon;",
          "v.fix = !q.is_in_ui && q.is_alive;",
          "v.r = math.lerp(0.0, 1.0, math.cos(query.life_time * 360.0));",
          "v.g = math.lerp(0.0, 1.0, -math.cos(query.life_time * 360.0));",
          "v.b = math.lerp(0.0, 1.0, math.sin(query.life_time * 360.0));"
        ],
        "animate": [
          "root",
          "tracer",
          "hitbox_rot",
          "axis"
        ]
      },
      "animations": {
        "tracer": "animation.tracer",
        "hitbox_rot": "animation.player.hitboxrot",
        "axis": "animation.player.axis",
        "root": "controller.animation.player.root",
        "base_controller": "controller.animation.player.base",
        "hudplayer": "controller.animation.player.hudplayer",
        "humanoid_base_pose": "animation.humanoid.base_pose",
        "look_at_target": "controller.animation.humanoid.look_at_target",
        "look_at_target_ui": "animation.player.look_at_target.ui",
        "look_at_target_default": "animation.humanoid.look_at_target.default",
        "look_at_target_gliding": "animation.humanoid.look_at_target.gliding",
        "look_at_target_swimming": "animation.humanoid.look_at_target.swimming",
        "look_at_target_inverted": "animation.player.look_at_target.inverted",
        "cape": "animation.player.cape",
        "move.arms": "animation.player.move.arms",
        "move.legs": "animation.player.move.legs",
        "swimming": "animation.player.swim",
        "swimming.legs": "animation.player.swim.legs",
        "riding.arms": "animation.player.riding.arms",
        "riding.legs": "animation.player.riding.legs",
        "holding": "animation.player.holding",
        "brandish_spear": "animation.humanoid.brandish_spear",
        "charging": "animation.humanoid.charging",
        "attack.positions": "animation.player.attack.positions",
        "attack.rotations": "animation.player.attack.rotations",
        "sneaking": "animation.player.sneaking",
        "bob": "animation.player.bob",
        "damage_nearby_mobs": "animation.humanoid.damage_nearby_mobs",
        "bow_and_arrow": "animation.humanoid.bow_and_arrow",
        "skeleton_attack": "animation.skeleton.attack",
        "sleeping": "animation.player.sleeping",
        "first_person_base_pose": "animation.player.first_person.base_pose",
        "first_person_empty_hand": "animation.player.first_person.empty_hand",
        "first_person_swap_item": "animation.player.first_person.swap_item",
        "first_person_attack_controller": "controller.animation.player.first_person_attack",
        "first_person_attack_rotation": "animation.player.first_person.attack_rotation",
        "first_person_attack_rotation_item": "animation.player.first_person.attack_rotation_item",
        "first_person_attack_rotation_sword": "animation.player.first_person.attack_rotation_sword",
        "first_person_vr_attack_rotation": "animation.player.first_person.vr_attack_rotation",
        "first_person_walk": "animation.player.first_person.walk",
        "first_person_map_controller": "controller.animation.player.first_person_map",
        "first_person_map_hold": "animation.player.first_person.map_hold",
        "first_person_map_hold_attack": "animation.player.first_person.map_hold_attack",
        "first_person_map_hold_off_hand": "animation.player.first_person.map_hold_off_hand",
        "first_person_map_hold_main_hand": "animation.player.first_person.map_hold_main_hand",
        "first_person_crossbow_equipped": "animation.player.first_person.crossbow_equipped",
        "first_person_crossbow_hold": "animation.player.first_person.crossbow_hold",
        "first_person_breathing_bob": "animation.player.first_person.breathing_bob",
        "third_person_crossbow_equipped": "animation.player.crossbow_equipped",
        "third_person_bow_equipped": "animation.player.bow_equipped",
        "crossbow_hold": "animation.player.crossbow_hold",
        "crossbow_controller": "controller.animation.player.crossbow",
        "shield_block_main_hand": "animation.player.shield_block_main_hand",
        "shield_block_off_hand": "animation.player.shield_block_off_hand",
        "blink": "controller.animation.persona.blink",
        "tooting_goat_horn": "animation.humanoid.tooting_goat_horn",
        "hide_armor": "animation.player.hide_vanilla_armor"
      },
      "render_controllers": [
        {
          "controller.render.player.first_person": "v.is_first_person && !q.is_in_ui"
        },
        {
          "controller.render.player.third_person": "v.is_third_person || (q.is_in_ui ? q.is_on_screen)"
        },
        {
          "controller.render.player.map": "v.map_face_icon && !q.is_in_ui"
        },
        {
          "controller.render.tracer": "v.fix"
        },
        {
          "controller.render.tracerr": "v.fix"
        },
        {
          "controller.render.tracer_gbp": "v.gbp_tracer == 57.72"
        },
        {
          "controller.render.player.hitbox": "!v.is_first_person && !q.is_in_ui"
        }
      ],
      "enable_attachables": true
    }
  }
}
