{
  "format_version": "1.16.100",
  "render_controllers": {
    "controller.render.items.food": {
      "geometry": "Geometry.items",
      "materials": [
        {
          "*": "material.default"
         } 
       ],
		  "arrays": {
        "textures": {
          "Array.beef": [
            "Texture.beef"
          ],
          "Array.cooked_beef": [
            "Texture.cooked_beef"
          ],
          "Array.chicken": [
            "Texture.chicken"
          ],
          "Array.cooked_chicken": [
            "Texture.cooked_chicken"
          ],
          "Array.porkchop": [
            "Texture.porkchop" 
          ],
          "Array.cooked_porkchop": [ 
            "Texture.cooked_porkchop" 
          ],
          "Array.rabbit": [ 
            "Texture.rabbit" 
          ],
          "Array.cooked_rabbit": [ 
            "Texture.cooked_rabbit" 
          ],
          "Array.rabbit_stew": [ 
            "Texture.rabbit_stew" 
          ],
          "Array.apple": [ 
            "Texture.apple" 
          ],
          "Array.bread": [ 
            "Texture.bread" 
          ],
          "Array.cod": [ 
            "Texture.cod" 
          ],
          "Array.cooked_cod": [ 
            "Texture.cooked_cod" 
          ],
          "Array.salmon": [ 
            "Texture.salmon" 
          ],
          "Array.cooked_salmon": [ 
            "Texture.cooked_salmon" 
          ],
          "Array.mutton": [ 
            "Texture.mutton" 
          ],
          "Array.cooked_mutton": [ 
            "Texture.cooked_mutton" 
          ],
          "Array.baked_potato": [ 
            "Texture.baked_potato" 
          ],
          "Array.cookie": [ 
            "Texture.cookie" 
          ]
        }
      },

      "textures": [
        "query.get_equipped_item_name == 'beef' ? Array.beef[query.life_time * 1] : (query.get_equipped_item_name == 'cooked_beef' ? Array.cooked_beef[query.life_time * 1] : (query.get_equipped_item_name == 'chicken' ? Array.chicken[query.life_time * 1] : (query.get_equipped_item_name == 'cooked_chicken' ? Array.cooked_chicken[query.life_time * 1] : (query.get_equipped_item_name == 'porkchop' ? Array.porkchop[query.life_time * 1] : (query.get_equipped_item_name == 'cooked_porkchop' ? Array.cooked_porkchop[query.life_time * 1] : (query.get_equipped_item_name == 'rabbit' ? Array.rabbit[query.life_time * 1] : (query.get_equipped_item_name == 'cooked_rabbit' ? Array.cooked_rabbit[query.life_time * 1] : (query.get_equipped_item_name == 'rabbit_stew' ? Array.rabbit_stew[query.life_time * 1] : (query.get_equipped_item_name == 'apple' ? Array.apple[query.life_time * 1] : (query.get_equipped_item_name == 'bread' ? Array.bread[query.life_time * 1] : (query.get_equipped_item_name == 'cod' ? Array.cod[query.life_time * 1] : (query.get_equipped_item_name == 'cooked_cod' ? Array.cooked_cod[query.life_time * 1] : (query.get_equipped_item_name == 'salmon' ? Array.salmon[query.life_time * 1] : (query.get_equipped_item_name == 'cooked_salmon' ? Array.cooked_salmon[query.life_time * 1] : (query.get_equipped_item_name == 'mutton' ? Array.mutton[query.life_time * 1] : (query.get_equipped_item_name == 'cooked_mutton' ? Array.cooked_mutton[query.life_time * 1] : (query.get_equipped_item_name == 'baked_potato' ? Array.baked_potato[query.life_time * 1] : (query.get_equipped_item_name == 'cookie' ? Array.cookie[query.life_time * 1] : Texture.none))))))))))))))))))"
      ],
      "part_visibility": [
        { "*": "query.get_equipped_item_name == 'beef' || query.get_equipped_item_name == 'cooked_beef' || query.get_equipped_item_name == 'chicken' || query.get_equipped_item_name == 'cooked_chicken' || query.get_equipped_item_name == 'porkchop' || query.get_equipped_item_name == 'cooked_porkchop' || query.get_equipped_item_name == 'rabbit' || query.get_equipped_item_name == 'cooked_rabbit' || query.get_equipped_item_name == 'rabbit_stew' || query.get_equipped_item_name == 'apple' || query.get_equipped_item_name == 'bread' || query.get_equipped_item_name == 'cod' || query.get_equipped_item_name == 'cooked_cod' || query.get_equipped_item_name == 'salmon' || query.get_equipped_item_name == 'cooked_salmon' || query.get_equipped_item_name == 'mutton' || query.get_equipped_item_name == 'cooked_mutton' || query.get_equipped_item_name == 'baked_potato' || query.get_equipped_item_name == 'cookie'" }
      ],
      "is_hurt_color": {
        "r": "0",
        "g": "0",
        "b": "0",
        "a": "0"
      },
      "on_fire_color": {
        "r": "0",
        "g": "0",
        "b": "0",
        "a": "0"
      }
    }
  }
}
