
{
	"format_version": "1.16.100",
	"minecraft:attachable": {
		"description": {
			"identifier": "minecraft:mutton",
      "materials": {
        "default": "entity_alphatest"
      },
      "textures": {
        "default": "textures/items/mutton_raw"
      },
			"geometry": {
				"default": "geometry.items"
			},
      "scripts": {
        "animate": [
            "items_pos",
          { "no_player": "query.owner_identifier == 'minecraft:player'" }
        ]
      },
      "animations": {
        "items_pos": "animation.items.pos",
        "no_player": "animation.item.no.player"
      },
			"render_controllers": [
				"controller.render.default"
			]
		}
	}
}
