{
  "xylon_modules_page_2": {
    "type": "panel",
    "controls": [
      {
        "freecam_toggle@common_toggles.light_text_toggle": {
          "offset": [-100, -30],
          "$button_text": "> Freecam",
          "$toggle_view_binding_name": "freecam_tgl"
        }
      },
      {
        "coords_toggle@common_toggles.light_text_toggle": {
          "offset": [-100, 0],
          "$button_text": "> Show Coordinates",
          "$toggle_view_binding_name": "coords_tgl"
        }
      },
      {
        "quickslot_toggle@common_toggles.light_text_toggle": {
          "offset": [-100, 30],
          "$button_text": "> Quick-Slots",
          "$toggle_view_binding_name": "quickslot_tgl"
        }
      },
      {
        "paperdoll_toggle@common_toggles.light_text_toggle": {
          "offset": [-100, 60],
          "$button_text": "> Paperdoll",
          "$toggle_view_binding_name": "paperdoll_tgl"
        }
      }
    ]
  }
}