{
  "xylon_modules_page_1": {
    "type": "panel",
    "controls": [
      {
        "gamma_toggle@common_toggles.light_text_toggle": {
          "offset": [-100, -30],
          "$button_text": "> Gamma",
          "$toggle_view_binding_name": "gamma_tgl"
        }
      },
      {
        "fullbright_toggle@common_toggles.light_text_toggle": {
          "offset": [-100, 0],
          "$button_text": "> Fullbright",
          "$toggle_view_binding_name": "fullbright_tgl"
        }
      },
      {
        "weather_toggle@common_toggles.light_text_toggle": {
          "offset": [-100, 30],
          "$button_text": "> Clear Weather",
          "$toggle_view_binding_name": "weather_tgl"
        }
      },
      {
        "hud_toggle@common_toggles.light_text_toggle": {
          "offset": [-100, 60],
          "$button_text": "> Toggle HUD",
          "$toggle_view_binding_name": "hud_tgl"
        }
      }
    ]
  }
}