{
  "xylon_modules_page_3": {
    "type": "panel",
    "controls": [
      {
        "watermark_toggle@common_toggles.light_text_toggle": {
          "offset": [-100, 0],
          "$button_text": "> Toggle Watermark",
          "$toggle_view_binding_name": "watermark_tgl"
        }
      },
      {
        "theme_toggle@common_toggles.light_text_toggle": {
          "offset": [-100, 30],
          "$button_text": "> Toggle Theme",
          "$toggle_view_binding_name": "theme_tgl"
        }
      }
    ]
  }
}