{
  "xylon_main_menu": {
    "type": "panel",
    "anchor_from": "center",
    "anchor_to": "center",
    "size": [300, 200],
    "layer": 100,
    "controls": [
      {
        "title": {
          "type": "label",
          "text": "§b§lXylon Mod Menu",
          "offset": [0, -85],
          "font_size": "large"
        }
      },
      {
        "prev_button@common_buttons.light_text_button": {
          "offset": [-120, 75],
          "$button_text": "<",
          "button_mappings": [
            {
              "from_button_id": "button.menu_select",
              "to_button_id": "xylon_prev_page",
              "mapping_type": "pressed"
            }
          ]
        }
      },
      {
        "next_button@common_buttons.light_text_button": {
          "offset": [120, 75],
          "$button_text": ">",
          "button_mappings": [
            {
              "from_button_id": "button.menu_select",
              "to_button_id": "xylon_next_page",
              "mapping_type": "pressed"
            }
          ]
        }
      },
      {
        "page_1_panel@include": "xylon_modules_page_1.json",
        "bindings": [{
          "binding_type": "view",
          "source_property_name": "($xylon_page_id == 1)",
          "target_property_name": "#visible"
        }]
      },
      {
        "page_2_panel@include": "xylon_modules_page_2.json",
        "bindings": [{
          "binding_type": "view",
          "source_property_name": "($xylon_page_id == 2)",
          "target_property_name": "#visible"
        }]
      },
      {
        "page_3_panel@include": "xylon_modules_page_3.json",
        "bindings": [{
          "binding_type": "view",
          "source_property_name": "($xylon_page_id == 3)",
          "target_property_name": "#visible"
        }]
      }
    ]
  }
}