{
	"format_version": "1.12.0",
	"minecraft:geometry": [
		{
			"description": {
				"identifier": "geometry.pickaxe",
				"texture_width": 16,
				"texture_height": 16,
				"visible_bounds_width": 4,
				"visible_bounds_height": 3.5,
				"visible_bounds_offset": [0, 1.25, 0]
			},
			"bones": [
        {
          "name": "root",
          "pivot": [ 0.0, 0.0, 0.0 ]
        },
        {
          "name": "body",
          "parent": "waist",
          "pivot": [ 0.0, 24.0, 0.0 ]
        },
        {
          "name": "waist",
          "parent": "root",
          "pivot": [ 0.0, 12.0, 0.0 ]
        },
        {
          "name": "head",
          "parent": "body",
          "pivot": [ 0.0, 24.0, 0.0 ]
        },
        {
          "name": "cape",
          "pivot": [ 0.0, 24, 3.0 ],
          "parent": "body"
        },
        {
          "name": "hat",
          "parent": "head",
          "pivot": [ 0.0, 24.0, 0.0 ]
        },
        {
          "name": "leftArm",
          "parent": "body",
          "pivot": [ 5.0, 22.0, 0.0 ]
        },
        {
          "name": "leftItem",
          "pivot": [ 6.0, 15.0, 1.0 ],
          "parent": "leftArm"
        },
        {
          "name": "rightArm",
          "parent": "body",
          "pivot": [ -5.0, 22.0, 0.0 ]
        },
        {
          "name": "leftLeg",
          "parent": "body",
          "pivot": [ 1.9, 12.0, 0.0 ]
        },
        {
          "name": "rightLeg",
          "parent": "body",
          "pivot": [ -1.9, 12.0, 0.0 ]
        },
        {
          "name": "jacket",
          "parent": "body"
        },
        {
					"name": "rightitem",
        "parent": "rightarm",
					"pivot": [-5.9, 13, 0],
					"rotation": [37.5, 0, 0],
					"cubes": [
						{
							"origin": [-5.9, 9, 2],
							"size": [1, 1, 1],
							"uv": {
								"north": {"uv": [3, 14], "uv_size": [1, 1]},
								"east": {"uv": [3, 14], "uv_size": [1, 1]},
								"south": {"uv": [3, 14], "uv_size": [1, 1]},
								"west": {"uv": [3, 14], "uv_size": [1, 1]},
								"up": {"uv": [4, 15], "uv_size": [-1, -1]},
								"down": {"uv": [4, 15], "uv_size": [-1, -1]}
							}
						},
						{
							"origin": [-5.9, 9, 3],
							"size": [1, 1, 1],
							"uv": {
								"north": {"uv": [2, 14], "uv_size": [1, 1]},
								"east": {"uv": [2, 14], "uv_size": [1, 1]},
								"south": {"uv": [2, 14], "uv_size": [1, 1]},
								"west": {"uv": [2, 14], "uv_size": [1, 1]},
								"up": {"uv": [3, 15], "uv_size": [-1, -1]},
								"down": {"uv": [3, 15], "uv_size": [-1, -1]}
							}
						},
						{
							"origin": [-5.9, 10, 1],
							"size": [1, 1, 1],
							"uv": {
								"north": {"uv": [4, 13], "uv_size": [1, 1]},
								"east": {"uv": [4, 13], "uv_size": [1, 1]},
								"south": {"uv": [4, 13], "uv_size": [1, 1]},
								"west": {"uv": [4, 13], "uv_size": [1, 1]},
								"up": {"uv": [5, 14], "uv_size": [-1, -1]},
								"down": {"uv": [5, 14], "uv_size": [-1, -1]}
							}
						},
						{
							"origin": [-5.9, 10, 2],
							"size": [1, 1, 1],
							"uv": {
								"north": {"uv": [3, 13], "uv_size": [1, 1]},
								"east": {"uv": [3, 13], "uv_size": [1, 1]},
								"south": {"uv": [3, 13], "uv_size": [1, 1]},
								"west": {"uv": [3, 13], "uv_size": [1, 1]},
								"up": {"uv": [4, 14], "uv_size": [-1, -1]},
								"down": {"uv": [4, 14], "uv_size": [-1, -1]}
							}
						},
						{
							"origin": [-5.9, 10, 3],
							"size": [1, 1, 1],
							"uv": {
								"north": {"uv": [2, 13], "uv_size": [1, 1]},
								"east": {"uv": [2, 13], "uv_size": [1, 1]},
								"south": {"uv": [2, 13], "uv_size": [1, 1]},
								"west": {"uv": [2, 13], "uv_size": [1, 1]},
								"up": {"uv": [3, 14], "uv_size": [-1, -1]},
								"down": {"uv": [3, 14], "uv_size": [-1, -1]}
							}
						},
						{
							"origin": [-5.9, 11, 2],
							"size": [1, 1, 1],
							"uv": {
								"north": {"uv": [3, 12], "uv_size": [1, 1]},
								"east": {"uv": [3, 12], "uv_size": [1, 1]},
								"south": {"uv": [3, 12], "uv_size": [1, 1]},
								"west": {"uv": [3, 12], "uv_size": [1, 1]},
								"up": {"uv": [4, 13], "uv_size": [-1, -1]},
								"down": {"uv": [4, 13], "uv_size": [-1, -1]}
							}
						},
						{
							"origin": [-5.9, 11, 1],
							"size": [1, 1, 1],
							"uv": {
								"north": {"uv": [4, 12], "uv_size": [1, 1]},
								"east": {"uv": [4, 12], "uv_size": [1, 1]},
								"south": {"uv": [4, 12], "uv_size": [1, 1]},
								"west": {"uv": [4, 12], "uv_size": [1, 1]},
								"up": {"uv": [5, 13], "uv_size": [-1, -1]},
								"down": {"uv": [5, 13], "uv_size": [-1, -1]}
							}
						},
						{
							"origin": [-5.9, 12, 1],
							"size": [1, 1, 1],
							"uv": {
								"north": {"uv": [4, 11], "uv_size": [1, 1]},
								"east": {"uv": [4, 11], "uv_size": [1, 1]},
								"south": {"uv": [4, 11], "uv_size": [1, 1]},
								"west": {"uv": [4, 11], "uv_size": [1, 1]},
								"up": {"uv": [5, 12], "uv_size": [-1, -1]},
								"down": {"uv": [5, 12], "uv_size": [-1, -1]}
							}
						},
						{
							"origin": [-5.9, 12, 0],
							"size": [1, 1, 1],
							"uv": {
								"north": {"uv": [5, 11], "uv_size": [1, 1]},
								"east": {"uv": [5, 11], "uv_size": [1, 1]},
								"south": {"uv": [5, 11], "uv_size": [1, 1]},
								"west": {"uv": [5, 11], "uv_size": [1, 1]},
								"up": {"uv": [6, 12], "uv_size": [-1, -1]},
								"down": {"uv": [6, 12], "uv_size": [-1, -1]}
							}
						},
						{
							"origin": [-5.9, 11, 0],
							"size": [1, 1, 1],
							"uv": {
								"north": {"uv": [5, 12], "uv_size": [1, 1]},
								"east": {"uv": [5, 12], "uv_size": [1, 1]},
								"south": {"uv": [5, 12], "uv_size": [1, 1]},
								"west": {"uv": [5, 12], "uv_size": [1, 1]},
								"up": {"uv": [6, 13], "uv_size": [-1, -1]},
								"down": {"uv": [6, 13], "uv_size": [-1, -1]}
							}
						},
						{
							"origin": [-5.9, 12, -1],
							"size": [1, 1, 1],
							"uv": {
								"north": {"uv": [6, 11], "uv_size": [1, 1]},
								"east": {"uv": [6, 11], "uv_size": [1, 1]},
								"south": {"uv": [6, 11], "uv_size": [1, 1]},
								"west": {"uv": [6, 11], "uv_size": [1, 1]},
								"up": {"uv": [7, 12], "uv_size": [-1, -1]},
								"down": {"uv": [7, 12], "uv_size": [-1, -1]}
							}
						},
						{
							"origin": [-5.9, 13, 0],
							"size": [1, 1, 1],
							"uv": {
								"north": {"uv": [5, 10], "uv_size": [1, 1]},
								"east": {"uv": [5, 10], "uv_size": [1, 1]},
								"south": {"uv": [5, 10], "uv_size": [1, 1]},
								"west": {"uv": [5, 10], "uv_size": [1, 1]},
								"up": {"uv": [6, 11], "uv_size": [-1, -1]},
								"down": {"uv": [6, 11], "uv_size": [-1, -1]}
							}
						},
						{
							"origin": [-5.9, 13, -1],
							"size": [1, 1, 1],
							"uv": {
								"north": {"uv": [7, 10], "uv_size": [-1, 1]},
								"east": {"uv": [7, 10], "uv_size": [-1, 1]},
								"south": {"uv": [7, 10], "uv_size": [-1, 1]},
								"west": {"uv": [7, 10], "uv_size": [-1, 1]},
								"up": {"uv": [6, 11], "uv_size": [1, -1]},
								"down": {"uv": [6, 11], "uv_size": [1, -1]}
							}
						},
						{
							"origin": [-5.9, 14, -1],
							"size": [1, 1, 1],
							"uv": {
								"north": {"uv": [6, 9], "uv_size": [1, 1]},
								"east": {"uv": [6, 9], "uv_size": [1, 1]},
								"south": {"uv": [6, 9], "uv_size": [1, 1]},
								"west": {"uv": [6, 9], "uv_size": [1, 1]},
								"up": {"uv": [7, 10], "uv_size": [-1, -1]},
								"down": {"uv": [7, 10], "uv_size": [-1, -1]}
							}
						},
						{
							"origin": [-5.9, 13, -2],
							"size": [1, 1, 1],
							"uv": {
								"north": {"uv": [7, 10], "uv_size": [1, 1]},
								"east": {"uv": [7, 10], "uv_size": [1, 1]},
								"south": {"uv": [7, 10], "uv_size": [1, 1]},
								"west": {"uv": [7, 10], "uv_size": [1, 1]},
								"up": {"uv": [8, 11], "uv_size": [-1, -1]},
								"down": {"uv": [8, 11], "uv_size": [-1, -1]}
							}
						},
						{
							"origin": [-5.9, 15, -3],
							"size": [1, 1, 1],
							"uv": {
								"north": {"uv": [8, 8], "uv_size": [1, 1]},
								"east": {"uv": [8, 8], "uv_size": [1, 1]},
								"south": {"uv": [8, 8], "uv_size": [1, 1]},
								"west": {"uv": [8, 8], "uv_size": [1, 1]},
								"up": {"uv": [9, 9], "uv_size": [-1, -1]},
								"down": {"uv": [9, 9], "uv_size": [-1, -1]}
							}
						},
						{
							"origin": [-5.9, 15, -2],
							"size": [1, 1, 1],
							"uv": {
								"north": {"uv": [7, 8], "uv_size": [1, 1]},
								"east": {"uv": [7, 8], "uv_size": [1, 1]},
								"south": {"uv": [7, 8], "uv_size": [1, 1]},
								"west": {"uv": [7, 8], "uv_size": [1, 1]},
								"up": {"uv": [8, 9], "uv_size": [-1, -1]},
								"down": {"uv": [8, 9], "uv_size": [-1, -1]}
							}
						},
						{
							"origin": [-5.9, 14, -2],
							"size": [1, 1, 1],
							"uv": {
								"north": {"uv": [7, 9], "uv_size": [1, 1]},
								"east": {"uv": [7, 9], "uv_size": [1, 1]},
								"south": {"uv": [7, 9], "uv_size": [1, 1]},
								"west": {"uv": [7, 9], "uv_size": [1, 1]},
								"up": {"uv": [8, 10], "uv_size": [-1, -1]},
								"down": {"uv": [8, 10], "uv_size": [-1, -1]}
							}
						},
						{
							"origin": [-5.9, 14, -3],
							"size": [1, 1, 1],
							"uv": {
								"north": {"uv": [8, 9], "uv_size": [1, 1]},
								"east": {"uv": [8, 9], "uv_size": [1, 1]},
								"south": {"uv": [8, 9], "uv_size": [1, 1]},
								"west": {"uv": [8, 9], "uv_size": [1, 1]},
								"up": {"uv": [9, 10], "uv_size": [-1, -1]},
								"down": {"uv": [9, 10], "uv_size": [-1, -1]}
							}
						},
						{
							"origin": [-5.9, 15, -4],
							"size": [1, 1, 1],
							"uv": {
								"north": {"uv": [9, 8], "uv_size": [1, 1]},
								"east": {"uv": [9, 8], "uv_size": [1, 1]},
								"south": {"uv": [9, 8], "uv_size": [1, 1]},
								"west": {"uv": [9, 8], "uv_size": [1, 1]},
								"up": {"uv": [10, 9], "uv_size": [-1, -1]},
								"down": {"uv": [10, 9], "uv_size": [-1, -1]}
							}
						},
						{
							"origin": [-5.9, 16, -4],
							"size": [1, 1, 1],
							"uv": {
								"north": {"uv": [9, 7], "uv_size": [1, 1]},
								"east": {"uv": [9, 7], "uv_size": [1, 1]},
								"south": {"uv": [9, 7], "uv_size": [1, 1]},
								"west": {"uv": [9, 7], "uv_size": [1, 1]},
								"up": {"uv": [10, 8], "uv_size": [-1, -1]},
								"down": {"uv": [10, 8], "uv_size": [-1, -1]}
							}
						},
						{
							"origin": [-5.9, 16, -3],
							"size": [1, 1, 1],
							"uv": {
								"north": {"uv": [8, 7], "uv_size": [1, 1]},
								"east": {"uv": [8, 7], "uv_size": [1, 1]},
								"south": {"uv": [8, 7], "uv_size": [1, 1]},
								"west": {"uv": [8, 7], "uv_size": [1, 1]},
								"up": {"uv": [9, 8], "uv_size": [-1, -1]},
								"down": {"uv": [9, 8], "uv_size": [-1, -1]}
							}
						},
						{
							"origin": [-5.9, 17, -4],
							"size": [1, 1, 1],
							"uv": {
								"north": {"uv": [9, 6], "uv_size": [1, 1]},
								"east": {"uv": [9, 6], "uv_size": [1, 1]},
								"south": {"uv": [9, 6], "uv_size": [1, 1]},
								"west": {"uv": [9, 6], "uv_size": [1, 1]},
								"up": {"uv": [10, 7], "uv_size": [-1, -1]},
								"down": {"uv": [10, 7], "uv_size": [-1, -1]}
							}
						},
						{
							"origin": [-5.9, 17, -5],
							"size": [1, 1, 1],
							"uv": {
								"north": {"uv": [10, 6], "uv_size": [1, 1]},
								"east": {"uv": [10, 6], "uv_size": [1, 1]},
								"south": {"uv": [10, 6], "uv_size": [1, 1]},
								"west": {"uv": [10, 6], "uv_size": [1, 1]},
								"up": {"uv": [11, 7], "uv_size": [-1, -1]},
								"down": {"uv": [11, 7], "uv_size": [-1, -1]}
							}
						},
						{
							"origin": [-5.9, 16, -5],
							"size": [1, 1, 1],
							"uv": {
								"north": {"uv": [10, 7], "uv_size": [1, 1]},
								"east": {"uv": [10, 7], "uv_size": [1, 1]},
								"south": {"uv": [10, 7], "uv_size": [1, 1]},
								"west": {"uv": [10, 7], "uv_size": [1, 1]},
								"up": {"uv": [11, 8], "uv_size": [-1, -1]},
								"down": {"uv": [11, 8], "uv_size": [-1, -1]}
							}
						},
						{
							"origin": [-5.9, 17, -6],
							"size": [1, 1, 1],
							"uv": {
								"north": {"uv": [11, 6], "uv_size": [1, 1]},
								"east": {"uv": [11, 6], "uv_size": [1, 1]},
								"south": {"uv": [11, 6], "uv_size": [1, 1]},
								"west": {"uv": [11, 6], "uv_size": [1, 1]},
								"up": {"uv": [12, 7], "uv_size": [-1, -1]},
								"down": {"uv": [12, 7], "uv_size": [-1, -1]}
							}
						},
						{
							"origin": [-5.9, 19, -6],
							"size": [1, 1, 1],
							"uv": {
								"north": {"uv": [11, 4], "uv_size": [1, 1]},
								"east": {"uv": [11, 4], "uv_size": [1, 1]},
								"south": {"uv": [11, 4], "uv_size": [1, 1]},
								"west": {"uv": [11, 4], "uv_size": [1, 1]},
								"up": {"uv": [12, 5], "uv_size": [-1, -1]},
								"down": {"uv": [12, 5], "uv_size": [-1, -1]}
							}
						},
						{
							"origin": [-5.9, 19, -7],
							"size": [1, 1, 1],
							"uv": {
								"north": {"uv": [12, 4], "uv_size": [1, 1]},
								"east": {"uv": [12, 4], "uv_size": [1, 1]},
								"south": {"uv": [12, 4], "uv_size": [1, 1]},
								"west": {"uv": [12, 4], "uv_size": [1, 1]},
								"up": {"uv": [13, 5], "uv_size": [-1, -1]},
								"down": {"uv": [13, 5], "uv_size": [-1, -1]}
							}
						},
						{
							"origin": [-5.9, 20, -7],
							"size": [1, 1, 1],
							"uv": {
								"north": {"uv": [12, 3], "uv_size": [1, 1]},
								"east": {"uv": [12, 3], "uv_size": [1, 1]},
								"south": {"uv": [12, 3], "uv_size": [1, 1]},
								"west": {"uv": [12, 3], "uv_size": [1, 1]},
								"up": {"uv": [13, 4], "uv_size": [-1, -1]},
								"down": {"uv": [13, 4], "uv_size": [-1, -1]}
							}
						},
						{
							"origin": [-5.9, 20, -8],
							"size": [1, 1, 1],
							"uv": {
								"north": {"uv": [13, 3], "uv_size": [1, 1]},
								"east": {"uv": [13, 3], "uv_size": [1, 1]},
								"south": {"uv": [13, 3], "uv_size": [1, 1]},
								"west": {"uv": [13, 3], "uv_size": [1, 1]},
								"up": {"uv": [14, 4], "uv_size": [-1, -1]},
								"down": {"uv": [14, 4], "uv_size": [-1, -1]}
							}
						},
						{
							"origin": [-5.9, 19, -8],
							"size": [1, 1, 1],
							"uv": {
								"north": {"uv": [13, 4], "uv_size": [1, 1]},
								"east": {"uv": [13, 4], "uv_size": [1, 1]},
								"south": {"uv": [13, 4], "uv_size": [1, 1]},
								"west": {"uv": [13, 4], "uv_size": [1, 1]},
								"up": {"uv": [14, 5], "uv_size": [-1, -1]},
								"down": {"uv": [14, 5], "uv_size": [-1, -1]}
							}
						},
						{
							"origin": [-5.9, 18, -5],
							"size": [1, 1, 1],
							"uv": {
								"north": {"uv": [10, 5], "uv_size": [1, 1]},
								"east": {"uv": [10, 5], "uv_size": [1, 1]},
								"south": {"uv": [10, 5], "uv_size": [1, 1]},
								"west": {"uv": [10, 5], "uv_size": [1, 1]},
								"up": {"uv": [11, 6], "uv_size": [-1, -1]},
								"down": {"uv": [11, 6], "uv_size": [-1, -1]}
							}
						},
						{
							"origin": [-5.9, 18, -6],
							"size": [1, 1, 1],
							"uv": {
								"north": {"uv": [11, 5], "uv_size": [1, 1]},
								"east": {"uv": [11, 5], "uv_size": [1, 1]},
								"south": {"uv": [11, 5], "uv_size": [1, 1]},
								"west": {"uv": [11, 5], "uv_size": [1, 1]},
								"up": {"uv": [12, 6], "uv_size": [-1, -1]},
								"down": {"uv": [12, 6], "uv_size": [-1, -1]}
							}
						},
						{
							"origin": [-5.9, 18, -7],
							"size": [1, 1, 1],
							"uv": {
								"north": {"uv": [12, 5], "uv_size": [1, 1]},
								"east": {"uv": [12, 5], "uv_size": [1, 1]},
								"south": {"uv": [12, 5], "uv_size": [1, 1]},
								"west": {"uv": [12, 5], "uv_size": [1, 1]},
								"up": {"uv": [13, 6], "uv_size": [-1, -1]},
								"down": {"uv": [13, 6], "uv_size": [-1, -1]}
							}
						},
						{
							"origin": [-5.9, 18, -8],
							"size": [1, 1, 1],
							"uv": {
								"north": {"uv": [13, 5], "uv_size": [1, 1]},
								"east": {"uv": [13, 5], "uv_size": [1, 1]},
								"south": {"uv": [13, 5], "uv_size": [1, 1]},
								"west": {"uv": [13, 5], "uv_size": [1, 1]},
								"up": {"uv": [14, 6], "uv_size": [-1, -1]},
								"down": {"uv": [14, 6], "uv_size": [-1, -1]}
							}
						},
						{
							"origin": [-5.9, 17, -9],
							"size": [1, 1, 1],
							"uv": {
								"north": {"uv": [14, 6], "uv_size": [1, 1]},
								"east": {"uv": [14, 6], "uv_size": [1, 1]},
								"south": {"uv": [14, 6], "uv_size": [1, 1]},
								"west": {"uv": [14, 6], "uv_size": [1, 1]},
								"up": {"uv": [15, 7], "uv_size": [-1, -1]},
								"down": {"uv": [15, 7], "uv_size": [-1, -1]}
							}
						},
						{
							"origin": [-5.9, 16, -9],
							"size": [1, 1, 1],
							"uv": {
								"north": {"uv": [14, 7], "uv_size": [1, 1]},
								"east": {"uv": [14, 7], "uv_size": [1, 1]},
								"south": {"uv": [14, 7], "uv_size": [1, 1]},
								"west": {"uv": [14, 7], "uv_size": [1, 1]},
								"up": {"uv": [15, 8], "uv_size": [-1, -1]},
								"down": {"uv": [15, 8], "uv_size": [-1, -1]}
							}
						},
						{
							"origin": [-5.9, 15, -9],
							"size": [1, 1, 1],
							"uv": {
								"north": {"uv": [14, 8], "uv_size": [1, 1]},
								"east": {"uv": [14, 8], "uv_size": [1, 1]},
								"south": {"uv": [14, 8], "uv_size": [1, 1]},
								"west": {"uv": [14, 8], "uv_size": [1, 1]},
								"up": {"uv": [15, 9], "uv_size": [-1, -1]},
								"down": {"uv": [15, 9], "uv_size": [-1, -1]}
							}
						},
						{
							"origin": [-5.9, 14, -9],
							"size": [1, 1, 1],
							"uv": {
								"north": {"uv": [14, 9], "uv_size": [1, 1]},
								"east": {"uv": [14, 9], "uv_size": [1, 1]},
								"south": {"uv": [14, 9], "uv_size": [1, 1]},
								"west": {"uv": [14, 9], "uv_size": [1, 1]},
								"up": {"uv": [15, 10], "uv_size": [-1, -1]},
								"down": {"uv": [15, 10], "uv_size": [-1, -1]}
							}
						},
						{
							"origin": [-5.9, 13, -9],
							"size": [1, 1, 1],
							"uv": {
								"north": {"uv": [14, 10], "uv_size": [1, 1]},
								"east": {"uv": [14, 10], "uv_size": [1, 1]},
								"south": {"uv": [14, 10], "uv_size": [1, 1]},
								"west": {"uv": [14, 10], "uv_size": [1, 1]},
								"up": {"uv": [15, 11], "uv_size": [-1, -1]},
								"down": {"uv": [15, 11], "uv_size": [-1, -1]}
							}
						},
						{
							"origin": [-5.9, 17, -7],
							"size": [1, 1, 1],
							"uv": {
								"north": {"uv": [12, 6], "uv_size": [1, 1]},
								"east": {"uv": [12, 6], "uv_size": [1, 1]},
								"south": {"uv": [12, 6], "uv_size": [1, 1]},
								"west": {"uv": [12, 6], "uv_size": [1, 1]},
								"up": {"uv": [13, 7], "uv_size": [-1, -1]},
								"down": {"uv": [13, 7], "uv_size": [-1, -1]}
							}
						},
						{
							"origin": [-5.9, 17, -8],
							"size": [1, 1, 1],
							"uv": {
								"north": {"uv": [13, 6], "uv_size": [1, 1]},
								"east": {"uv": [13, 6], "uv_size": [1, 1]},
								"south": {"uv": [13, 6], "uv_size": [1, 1]},
								"west": {"uv": [13, 6], "uv_size": [1, 1]},
								"up": {"uv": [14, 7], "uv_size": [-1, -1]},
								"down": {"uv": [14, 7], "uv_size": [-1, -1]}
							}
						},
						{
							"origin": [-5.9, 16, -8],
							"size": [1, 1, 1],
							"uv": {
								"north": {"uv": [13, 7], "uv_size": [1, 1]},
								"east": {"uv": [13, 7], "uv_size": [1, 1]},
								"south": {"uv": [13, 7], "uv_size": [1, 1]},
								"west": {"uv": [13, 7], "uv_size": [1, 1]},
								"up": {"uv": [14, 8], "uv_size": [-1, -1]},
								"down": {"uv": [14, 8], "uv_size": [-1, -1]}
							}
						},
						{
							"origin": [-5.9, 15, -8],
							"size": [1, 1, 1],
							"uv": {
								"north": {"uv": [13, 8], "uv_size": [1, 1]},
								"east": {"uv": [13, 8], "uv_size": [1, 1]},
								"south": {"uv": [13, 8], "uv_size": [1, 1]},
								"west": {"uv": [13, 8], "uv_size": [1, 1]},
								"up": {"uv": [14, 9], "uv_size": [-1, -1]},
								"down": {"uv": [14, 9], "uv_size": [-1, -1]}
							}
						},
						{
							"origin": [-5.9, 14, -8],
							"size": [1, 1, 1],
							"uv": {
								"north": {"uv": [13, 9], "uv_size": [1, 1]},
								"east": {"uv": [13, 9], "uv_size": [1, 1]},
								"south": {"uv": [13, 9], "uv_size": [1, 1]},
								"west": {"uv": [13, 9], "uv_size": [1, 1]},
								"up": {"uv": [14, 10], "uv_size": [-1, -1]},
								"down": {"uv": [14, 10], "uv_size": [-1, -1]}
							}
						},
						{
							"origin": [-5.9, 13, -8],
							"size": [1, 1, 1],
							"uv": {
								"north": {"uv": [13, 10], "uv_size": [1, 1]},
								"east": {"uv": [13, 10], "uv_size": [1, 1]},
								"south": {"uv": [13, 10], "uv_size": [1, 1]},
								"west": {"uv": [13, 10], "uv_size": [1, 1]},
								"up": {"uv": [14, 11], "uv_size": [-1, -1]},
								"down": {"uv": [14, 11], "uv_size": [-1, -1]}
							}
						},
						{
							"origin": [-5.9, 12, -8],
							"size": [1, 1, 1],
							"uv": {
								"north": {"uv": [13, 11], "uv_size": [1, 1]},
								"east": {"uv": [13, 11], "uv_size": [1, 1]},
								"south": {"uv": [13, 11], "uv_size": [1, 1]},
								"west": {"uv": [13, 11], "uv_size": [1, 1]},
								"up": {"uv": [14, 12], "uv_size": [-1, -1]},
								"down": {"uv": [14, 12], "uv_size": [-1, -1]}
							}
						},
						{
							"origin": [-5.9, 13, -7],
							"size": [1, 1, 1],
							"uv": {
								"north": {"uv": [12, 10], "uv_size": [1, 1]},
								"east": {"uv": [12, 10], "uv_size": [1, 1]},
								"south": {"uv": [12, 10], "uv_size": [1, 1]},
								"west": {"uv": [12, 10], "uv_size": [1, 1]},
								"up": {"uv": [13, 11], "uv_size": [-1, -1]},
								"down": {"uv": [13, 11], "uv_size": [-1, -1]}
							}
						},
						{
							"origin": [-5.9, 14, -7],
							"size": [1, 1, 1],
							"uv": {
								"north": {"uv": [12, 9], "uv_size": [1, 1]},
								"east": {"uv": [12, 9], "uv_size": [1, 1]},
								"south": {"uv": [12, 9], "uv_size": [1, 1]},
								"west": {"uv": [12, 9], "uv_size": [1, 1]},
								"up": {"uv": [13, 10], "uv_size": [-1, -1]},
								"down": {"uv": [13, 10], "uv_size": [-1, -1]}
							}
						},
						{
							"origin": [-5.9, 15, -7],
							"size": [1, 1, 1],
							"uv": {
								"north": {"uv": [12, 8], "uv_size": [1, 1]},
								"east": {"uv": [12, 8], "uv_size": [1, 1]},
								"south": {"uv": [12, 8], "uv_size": [1, 1]},
								"west": {"uv": [12, 8], "uv_size": [1, 1]},
								"up": {"uv": [13, 9], "uv_size": [-1, -1]},
								"down": {"uv": [13, 9], "uv_size": [-1, -1]}
							}
						},
						{
							"origin": [-5.9, 16, -7],
							"size": [1, 1, 1],
							"uv": {
								"north": {"uv": [12, 7], "uv_size": [1, 1]},
								"east": {"uv": [12, 7], "uv_size": [1, 1]},
								"south": {"uv": [12, 7], "uv_size": [1, 1]},
								"west": {"uv": [12, 7], "uv_size": [1, 1]},
								"up": {"uv": [13, 8], "uv_size": [-1, -1]},
								"down": {"uv": [13, 8], "uv_size": [-1, -1]}
							}
						},
						{
							"origin": [-5.9, 19, -6],
							"size": [1, 1, 1],
							"uv": {
								"north": {"uv": [11, 5], "uv_size": [1, 1]},
								"east": {"uv": [11, 5], "uv_size": [1, 1]},
								"south": {"uv": [11, 5], "uv_size": [1, 1]},
								"west": {"uv": [11, 5], "uv_size": [1, 1]},
								"up": {"uv": [12, 6], "uv_size": [-1, -1]},
								"down": {"uv": [12, 6], "uv_size": [-1, -1]}
							}
						},
						{
							"origin": [-5.9, 20, -6],
							"size": [1, 1, 1],
							"uv": {
								"north": {"uv": [11, 3], "uv_size": [1, 1]},
								"east": {"uv": [11, 3], "uv_size": [1, 1]},
								"south": {"uv": [11, 3], "uv_size": [1, 1]},
								"west": {"uv": [11, 3], "uv_size": [1, 1]},
								"up": {"uv": [12, 4], "uv_size": [-1, -1]},
								"down": {"uv": [12, 4], "uv_size": [-1, -1]}
							}
						},
						{
							"origin": [-5.9, 21, -5],
							"size": [1, 1, 1],
							"uv": {
								"north": {"uv": [10, 2], "uv_size": [1, 1]},
								"east": {"uv": [10, 2], "uv_size": [1, 1]},
								"south": {"uv": [10, 2], "uv_size": [1, 1]},
								"west": {"uv": [10, 2], "uv_size": [1, 1]},
								"up": {"uv": [11, 3], "uv_size": [-1, -1]},
								"down": {"uv": [11, 3], "uv_size": [-1, -1]}
							}
						},
						{
							"origin": [-5.9, 21, -4],
							"size": [1, 1, 1],
							"uv": {
								"north": {"uv": [9, 2], "uv_size": [1, 1]},
								"east": {"uv": [9, 2], "uv_size": [1, 1]},
								"south": {"uv": [9, 2], "uv_size": [1, 1]},
								"west": {"uv": [9, 2], "uv_size": [1, 1]},
								"up": {"uv": [10, 3], "uv_size": [-1, -1]},
								"down": {"uv": [10, 3], "uv_size": [-1, -1]}
							}
						},
						{
							"origin": [-5.9, 21, -3],
							"size": [1, 1, 1],
							"uv": {
								"north": {"uv": [8, 2], "uv_size": [1, 1]},
								"east": {"uv": [8, 2], "uv_size": [1, 1]},
								"south": {"uv": [8, 2], "uv_size": [1, 1]},
								"west": {"uv": [8, 2], "uv_size": [1, 1]},
								"up": {"uv": [9, 3], "uv_size": [-1, -1]},
								"down": {"uv": [9, 3], "uv_size": [-1, -1]}
							}
						},
						{
							"origin": [-5.9, 21, -2],
							"size": [1, 1, 1],
							"uv": {
								"north": {"uv": [7, 2], "uv_size": [1, 1]},
								"east": {"uv": [7, 2], "uv_size": [1, 1]},
								"south": {"uv": [7, 2], "uv_size": [1, 1]},
								"west": {"uv": [7, 2], "uv_size": [1, 1]},
								"up": {"uv": [8, 3], "uv_size": [-1, -1]},
								"down": {"uv": [8, 3], "uv_size": [-1, -1]}
							}
						},
						{
							"origin": [-5.9, 21, -1],
							"size": [1, 1, 1],
							"uv": {
								"north": {"uv": [6, 2], "uv_size": [1, 1]},
								"east": {"uv": [6, 2], "uv_size": [1, 1]},
								"south": {"uv": [6, 2], "uv_size": [1, 1]},
								"west": {"uv": [6, 2], "uv_size": [1, 1]},
								"up": {"uv": [7, 3], "uv_size": [-1, -1]},
								"down": {"uv": [7, 3], "uv_size": [-1, -1]}
							}
						},
						{
							"origin": [-5.9, 20, 0],
							"size": [1, 1, 1],
							"uv": {
								"north": {"uv": [5, 3], "uv_size": [1, 1]},
								"east": {"uv": [5, 3], "uv_size": [1, 1]},
								"south": {"uv": [5, 3], "uv_size": [1, 1]},
								"west": {"uv": [5, 3], "uv_size": [1, 1]},
								"up": {"uv": [6, 4], "uv_size": [-1, -1]},
								"down": {"uv": [6, 4], "uv_size": [-1, -1]}
							}
						},
						{
							"origin": [-5.9, 19, -1],
							"size": [1, 1, 1],
							"uv": {
								"north": {"uv": [6, 4], "uv_size": [1, 1]},
								"east": {"uv": [6, 4], "uv_size": [1, 1]},
								"south": {"uv": [6, 4], "uv_size": [1, 1]},
								"west": {"uv": [6, 4], "uv_size": [1, 1]},
								"up": {"uv": [7, 5], "uv_size": [-1, -1]},
								"down": {"uv": [7, 5], "uv_size": [-1, -1]}
							}
						},
						{
							"origin": [-5.9, 19, -2],
							"size": [1, 1, 1],
							"uv": {
								"north": {"uv": [7, 4], "uv_size": [1, 1]},
								"east": {"uv": [7, 4], "uv_size": [1, 1]},
								"south": {"uv": [7, 4], "uv_size": [1, 1]},
								"west": {"uv": [7, 4], "uv_size": [1, 1]},
								"up": {"uv": [8, 5], "uv_size": [-1, -1]},
								"down": {"uv": [8, 5], "uv_size": [-1, -1]}
							}
						},
						{
							"origin": [-5.9, 19, -3],
							"size": [1, 1, 1],
							"uv": {
								"north": {"uv": [8, 4], "uv_size": [1, 1]},
								"east": {"uv": [8, 4], "uv_size": [1, 1]},
								"south": {"uv": [8, 4], "uv_size": [1, 1]},
								"west": {"uv": [8, 4], "uv_size": [1, 1]},
								"up": {"uv": [9, 5], "uv_size": [-1, -1]},
								"down": {"uv": [9, 5], "uv_size": [-1, -1]}
							}
						},
						{
							"origin": [-5.9, 19, -4],
							"size": [1, 1, 1],
							"uv": {
								"north": {"uv": [9, 4], "uv_size": [1, 1]},
								"east": {"uv": [9, 4], "uv_size": [1, 1]},
								"south": {"uv": [9, 4], "uv_size": [1, 1]},
								"west": {"uv": [9, 4], "uv_size": [1, 1]},
								"up": {"uv": [10, 5], "uv_size": [-1, -1]},
								"down": {"uv": [10, 5], "uv_size": [-1, -1]}
							}
						},
						{
							"origin": [-5.9, 19, -5],
							"size": [1, 1, 1],
							"uv": {
								"north": {"uv": [10, 4], "uv_size": [1, 1]},
								"east": {"uv": [10, 4], "uv_size": [1, 1]},
								"south": {"uv": [10, 4], "uv_size": [1, 1]},
								"west": {"uv": [10, 4], "uv_size": [1, 1]},
								"up": {"uv": [11, 5], "uv_size": [-1, -1]},
								"down": {"uv": [11, 5], "uv_size": [-1, -1]}
							}
						},
						{
							"origin": [-5.9, 20, -5],
							"size": [1, 1, 1],
							"uv": {
								"north": {"uv": [10, 3], "uv_size": [1, 1]},
								"east": {"uv": [10, 3], "uv_size": [1, 1]},
								"south": {"uv": [10, 3], "uv_size": [1, 1]},
								"west": {"uv": [10, 3], "uv_size": [1, 1]},
								"up": {"uv": [11, 4], "uv_size": [-1, -1]},
								"down": {"uv": [11, 4], "uv_size": [-1, -1]}
							}
						},
						{
							"origin": [-5.9, 20, -4],
							"size": [1, 1, 1],
							"uv": {
								"north": {"uv": [9, 3], "uv_size": [1, 1]},
								"east": {"uv": [9, 3], "uv_size": [1, 1]},
								"south": {"uv": [9, 3], "uv_size": [1, 1]},
								"west": {"uv": [9, 3], "uv_size": [1, 1]},
								"up": {"uv": [10, 4], "uv_size": [-1, -1]},
								"down": {"uv": [10, 4], "uv_size": [-1, -1]}
							}
						},
						{
							"origin": [-5.9, 20, -3],
							"size": [1, 1, 1],
							"uv": {
								"north": {"uv": [8, 3], "uv_size": [1, 1]},
								"east": {"uv": [8, 3], "uv_size": [1, 1]},
								"south": {"uv": [8, 3], "uv_size": [1, 1]},
								"west": {"uv": [8, 3], "uv_size": [1, 1]},
								"up": {"uv": [9, 4], "uv_size": [-1, -1]},
								"down": {"uv": [9, 4], "uv_size": [-1, -1]}
							}
						},
						{
							"origin": [-5.9, 20, -2],
							"size": [1, 1, 1],
							"uv": {
								"north": {"uv": [7, 3], "uv_size": [1, 1]},
								"east": {"uv": [7, 3], "uv_size": [1, 1]},
								"south": {"uv": [7, 3], "uv_size": [1, 1]},
								"west": {"uv": [7, 3], "uv_size": [1, 1]},
								"up": {"uv": [8, 4], "uv_size": [-1, -1]},
								"down": {"uv": [8, 4], "uv_size": [-1, -1]}
							}
						},
						{
							"origin": [-5.9, 20, -1],
							"size": [1, 1, 1],
							"uv": {
								"north": {"uv": [6, 3], "uv_size": [1, 1]},
								"east": {"uv": [6, 3], "uv_size": [1, 1]},
								"south": {"uv": [6, 3], "uv_size": [1, 1]},
								"west": {"uv": [6, 3], "uv_size": [1, 1]},
								"up": {"uv": [7, 4], "uv_size": [-1, -1]},
								"down": {"uv": [7, 4], "uv_size": [-1, -1]}
							}
						}
					]
				}
			]
		}
	]
}
