{
	"format_version": "1.12.0",
	"minecraft:geometry": [
		{
			"description": {
				"identifier": "geometry.shovel",
				"texture_width": 16,
				"texture_height": 16,
				"visible_bounds_width": 4,
				"visible_bounds_height": 5,
				"visible_bounds_offset": [0, 0.5, 0]
			},
			"bones": [
        {
          "name": "root",
          "pivot": [ 0.0, 0.0, 0.0 ]
        },
        {
          "name": "body",
          "parent": "waist",
          "pivot": [ 0.0, 24.0, 0.0 ]
        },
        {
          "name": "waist",
          "parent": "root",
          "pivot": [ 0.0, 12.0, 0.0 ]
        },
        {
          "name": "head",
          "parent": "body",
          "pivot": [ 0.0, 24.0, 0.0 ]
        },
        {
          "name": "cape",
          "pivot": [ 0.0, 24, 3.0 ],
          "parent": "body"
        },
        {
          "name": "hat",
          "parent": "head",
          "pivot": [ 0.0, 24.0, 0.0 ]
        },
        {
          "name": "leftArm",
          "parent": "body",
          "pivot": [ 5.0, 22.0, 0.0 ]
        },
        {
          "name": "leftItem",
          "pivot": [ 6.0, 15.0, 1.0 ],
          "parent": "leftArm"
        },
        {
          "name": "rightArm",
          "parent": "body",
          "pivot": [ -5.0, 22.0, 0.0 ]
        },
        {
          "name": "leftLeg",
          "parent": "body",
          "pivot": [ 1.9, 12.0, 0.0 ]
        },
        {
          "name": "rightLeg",
          "parent": "body",
          "pivot": [ -1.9, 12.0, 0.0 ]
        },
        {
          "name": "jacket",
          "parent": "body"
        },
        {
					"name": "rightitem",
        "parent": "rightarm",
					"pivot": [-5.9, 13, -3],
					"rotation": [-47.5, 0, 0],
					"cubes": [
						{
							"origin": [-5.9, 16, -1],
							"size": [1, 1, 1],
							"uv": {
								"north": {"uv": [3, 15], "uv_size": [1, -1]},
								"east": {"uv": [3, 15], "uv_size": [1, -1]},
								"south": {"uv": [3, 15], "uv_size": [1, -1]},
								"west": {"uv": [3, 15], "uv_size": [1, -1]},
								"up": {"uv": [4, 14], "uv_size": [-1, 1]},
								"down": {"uv": [4, 14], "uv_size": [-1, 1]}
							}
						},
						{
							"origin": [-5.9, 16, -2],
							"size": [1, 1, 1],
							"uv": {
								"north": {"uv": [4, 15], "uv_size": [1, -1]},
								"east": {"uv": [4, 15], "uv_size": [1, -1]},
								"south": {"uv": [4, 15], "uv_size": [1, -1]},
								"west": {"uv": [4, 15], "uv_size": [1, -1]},
								"up": {"uv": [5, 14], "uv_size": [-1, 1]},
								"down": {"uv": [5, 14], "uv_size": [-1, 1]}
							}
						},
						{
							"origin": [-5.9, 14, 0],
							"size": [1, 1, 1],
							"uv": {
								"north": {"uv": [2, 13], "uv_size": [1, -1]},
								"east": {"uv": [2, 13], "uv_size": [1, -1]},
								"south": {"uv": [2, 13], "uv_size": [1, -1]},
								"west": {"uv": [2, 13], "uv_size": [1, -1]},
								"up": {"uv": [3, 12], "uv_size": [-1, 1]},
								"down": {"uv": [3, 12], "uv_size": [-1, 1]}
							}
						},
						{
							"origin": [-5.9, 15, -2],
							"size": [1, 1, 1],
							"uv": {
								"north": {"uv": [4, 14], "uv_size": [1, -1]},
								"east": {"uv": [4, 14], "uv_size": [1, -1]},
								"south": {"uv": [4, 14], "uv_size": [1, -1]},
								"west": {"uv": [4, 14], "uv_size": [1, -1]},
								"up": {"uv": [5, 13], "uv_size": [-1, 1]},
								"down": {"uv": [5, 13], "uv_size": [-1, 1]}
							}
						},
						{
							"origin": [-5.9, 15, -1],
							"size": [1, 1, 1],
							"uv": {
								"north": {"uv": [3, 14], "uv_size": [1, -1]},
								"east": {"uv": [3, 14], "uv_size": [1, -1]},
								"south": {"uv": [3, 14], "uv_size": [1, -1]},
								"west": {"uv": [3, 14], "uv_size": [1, -1]},
								"up": {"uv": [4, 13], "uv_size": [-1, 1]},
								"down": {"uv": [4, 13], "uv_size": [-1, 1]}
							}
						},
						{
							"origin": [-5.9, 15, 0],
							"size": [1, 1, 1],
							"uv": {
								"north": {"uv": [2, 14], "uv_size": [1, -1]},
								"east": {"uv": [2, 14], "uv_size": [1, -1]},
								"south": {"uv": [2, 14], "uv_size": [1, -1]},
								"west": {"uv": [2, 14], "uv_size": [1, -1]},
								"up": {"uv": [3, 13], "uv_size": [-1, 1]},
								"down": {"uv": [3, 13], "uv_size": [-1, 1]}
							}
						},
						{
							"origin": [-5.9, 14, -1],
							"size": [1, 1, 1],
							"uv": {
								"north": {"uv": [3, 13], "uv_size": [1, -1]},
								"east": {"uv": [3, 13], "uv_size": [1, -1]},
								"south": {"uv": [3, 13], "uv_size": [1, -1]},
								"west": {"uv": [3, 13], "uv_size": [1, -1]},
								"up": {"uv": [4, 12], "uv_size": [-1, 1]},
								"down": {"uv": [4, 12], "uv_size": [-1, 1]}
							}
						},
						{
							"origin": [-5.9, 14, -2],
							"size": [1, 1, 1],
							"uv": {
								"north": {"uv": [4, 13], "uv_size": [1, -1]},
								"east": {"uv": [4, 13], "uv_size": [1, -1]},
								"south": {"uv": [4, 13], "uv_size": [1, -1]},
								"west": {"uv": [4, 13], "uv_size": [1, -1]},
								"up": {"uv": [5, 12], "uv_size": [-1, 1]},
								"down": {"uv": [5, 12], "uv_size": [-1, 1]}
							}
						},
						{
							"origin": [-5.9, 13, -2],
							"size": [1, 1, 1],
							"uv": {
								"north": {"uv": [4, 12], "uv_size": [1, -1]},
								"east": {"uv": [4, 12], "uv_size": [1, -1]},
								"south": {"uv": [4, 12], "uv_size": [1, -1]},
								"west": {"uv": [4, 12], "uv_size": [1, -1]},
								"up": {"uv": [5, 11], "uv_size": [-1, 1]},
								"down": {"uv": [5, 11], "uv_size": [-1, 1]}
							}
						},
						{
							"origin": [-5.9, 13, -3],
							"size": [1, 1, 1],
							"uv": {
								"north": {"uv": [5, 12], "uv_size": [1, -1]},
								"east": {"uv": [5, 12], "uv_size": [1, -1]},
								"south": {"uv": [5, 12], "uv_size": [1, -1]},
								"west": {"uv": [5, 12], "uv_size": [1, -1]},
								"up": {"uv": [6, 11], "uv_size": [-1, 1]},
								"down": {"uv": [6, 11], "uv_size": [-1, 1]}
							}
						},
						{
							"origin": [-5.9, 14, -3],
							"size": [1, 1, 1],
							"uv": {
								"north": {"uv": [5, 13], "uv_size": [1, -1]},
								"east": {"uv": [5, 13], "uv_size": [1, -1]},
								"south": {"uv": [5, 13], "uv_size": [1, -1]},
								"west": {"uv": [5, 13], "uv_size": [1, -1]},
								"up": {"uv": [6, 12], "uv_size": [-1, 1]},
								"down": {"uv": [6, 12], "uv_size": [-1, 1]}
							}
						},
						{
							"origin": [-5.9, 13, -4],
							"size": [1, 1, 1],
							"uv": {
								"north": {"uv": [6, 12], "uv_size": [1, -1]},
								"east": {"uv": [6, 12], "uv_size": [1, -1]},
								"south": {"uv": [6, 12], "uv_size": [1, -1]},
								"west": {"uv": [6, 12], "uv_size": [1, -1]},
								"up": {"uv": [7, 11], "uv_size": [-1, 1]},
								"down": {"uv": [7, 11], "uv_size": [-1, 1]}
							}
						},
						{
							"origin": [-5.9, 12, -3],
							"size": [1, 1, 1],
							"uv": {
								"north": {"uv": [5, 11], "uv_size": [1, -1]},
								"east": {"uv": [5, 11], "uv_size": [1, -1]},
								"south": {"uv": [5, 11], "uv_size": [1, -1]},
								"west": {"uv": [5, 11], "uv_size": [1, -1]},
								"up": {"uv": [6, 10], "uv_size": [-1, 1]},
								"down": {"uv": [6, 10], "uv_size": [-1, 1]}
							}
						},
						{
							"origin": [-5.9, 12, -4],
							"size": [1, 1, 1],
							"uv": {
								"north": {"uv": [7, 11], "uv_size": [-1, -1]},
								"east": {"uv": [7, 11], "uv_size": [-1, -1]},
								"south": {"uv": [7, 11], "uv_size": [-1, -1]},
								"west": {"uv": [7, 11], "uv_size": [-1, -1]},
								"up": {"uv": [6, 10], "uv_size": [1, 1]},
								"down": {"uv": [6, 10], "uv_size": [1, 1]}
							}
						},
						{
							"origin": [-5.9, 11, -4],
							"size": [1, 1, 1],
							"uv": {
								"north": {"uv": [6, 10], "uv_size": [1, -1]},
								"east": {"uv": [6, 10], "uv_size": [1, -1]},
								"south": {"uv": [6, 10], "uv_size": [1, -1]},
								"west": {"uv": [6, 10], "uv_size": [1, -1]},
								"up": {"uv": [7, 9], "uv_size": [-1, 1]},
								"down": {"uv": [7, 9], "uv_size": [-1, 1]}
							}
						},
						{
							"origin": [-5.9, 12, -5],
							"size": [1, 1, 1],
							"uv": {
								"north": {"uv": [7, 11], "uv_size": [1, -1]},
								"east": {"uv": [7, 11], "uv_size": [1, -1]},
								"south": {"uv": [7, 11], "uv_size": [1, -1]},
								"west": {"uv": [7, 11], "uv_size": [1, -1]},
								"up": {"uv": [8, 10], "uv_size": [-1, 1]},
								"down": {"uv": [8, 10], "uv_size": [-1, 1]}
							}
						},
						{
							"origin": [-5.9, 10, -6],
							"size": [1, 1, 1],
							"uv": {
								"north": {"uv": [8, 9], "uv_size": [1, -1]},
								"east": {"uv": [8, 9], "uv_size": [1, -1]},
								"south": {"uv": [8, 9], "uv_size": [1, -1]},
								"west": {"uv": [8, 9], "uv_size": [1, -1]},
								"up": {"uv": [9, 8], "uv_size": [-1, 1]},
								"down": {"uv": [9, 8], "uv_size": [-1, 1]}
							}
						},
						{
							"origin": [-5.9, 10, -5],
							"size": [1, 1, 1],
							"uv": {
								"north": {"uv": [7, 9], "uv_size": [1, -1]},
								"east": {"uv": [7, 9], "uv_size": [1, -1]},
								"south": {"uv": [7, 9], "uv_size": [1, -1]},
								"west": {"uv": [7, 9], "uv_size": [1, -1]},
								"up": {"uv": [8, 8], "uv_size": [-1, 1]},
								"down": {"uv": [8, 8], "uv_size": [-1, 1]}
							}
						},
						{
							"origin": [-5.9, 11, -5],
							"size": [1, 1, 1],
							"uv": {
								"north": {"uv": [7, 10], "uv_size": [1, -1]},
								"east": {"uv": [7, 10], "uv_size": [1, -1]},
								"south": {"uv": [7, 10], "uv_size": [1, -1]},
								"west": {"uv": [7, 10], "uv_size": [1, -1]},
								"up": {"uv": [8, 9], "uv_size": [-1, 1]},
								"down": {"uv": [8, 9], "uv_size": [-1, 1]}
							}
						},
						{
							"origin": [-5.9, 11, -6],
							"size": [1, 1, 1],
							"uv": {
								"north": {"uv": [8, 10], "uv_size": [1, -1]},
								"east": {"uv": [8, 10], "uv_size": [1, -1]},
								"south": {"uv": [8, 10], "uv_size": [1, -1]},
								"west": {"uv": [8, 10], "uv_size": [1, -1]},
								"up": {"uv": [9, 9], "uv_size": [-1, 1]},
								"down": {"uv": [9, 9], "uv_size": [-1, 1]}
							}
						},
						{
							"origin": [-5.9, 10, -7],
							"size": [1, 1, 1],
							"uv": {
								"north": {"uv": [9, 9], "uv_size": [1, -1]},
								"east": {"uv": [9, 9], "uv_size": [1, -1]},
								"south": {"uv": [9, 9], "uv_size": [1, -1]},
								"west": {"uv": [9, 9], "uv_size": [1, -1]},
								"up": {"uv": [10, 8], "uv_size": [-1, 1]},
								"down": {"uv": [10, 8], "uv_size": [-1, 1]}
							}
						},
						{
							"origin": [-5.9, 9, -7],
							"size": [1, 1, 1],
							"uv": {
								"north": {"uv": [9, 8], "uv_size": [1, -1]},
								"east": {"uv": [9, 8], "uv_size": [1, -1]},
								"south": {"uv": [9, 8], "uv_size": [1, -1]},
								"west": {"uv": [9, 8], "uv_size": [1, -1]},
								"up": {"uv": [10, 7], "uv_size": [-1, 1]},
								"down": {"uv": [10, 7], "uv_size": [-1, 1]}
							}
						},
						{
							"origin": [-5.9, 9, -6],
							"size": [1, 1, 1],
							"uv": {
								"north": {"uv": [8, 8], "uv_size": [1, -1]},
								"east": {"uv": [8, 8], "uv_size": [1, -1]},
								"south": {"uv": [8, 8], "uv_size": [1, -1]},
								"west": {"uv": [8, 8], "uv_size": [1, -1]},
								"up": {"uv": [9, 7], "uv_size": [-1, 1]},
								"down": {"uv": [9, 7], "uv_size": [-1, 1]}
							}
						},
						{
							"origin": [-5.9, 8, -7],
							"size": [1, 1, 1],
							"uv": {
								"north": {"uv": [9, 7], "uv_size": [1, -1]},
								"east": {"uv": [9, 7], "uv_size": [1, -1]},
								"south": {"uv": [9, 7], "uv_size": [1, -1]},
								"west": {"uv": [9, 7], "uv_size": [1, -1]},
								"up": {"uv": [10, 6], "uv_size": [-1, 1]},
								"down": {"uv": [10, 6], "uv_size": [-1, 1]}
							}
						},
						{
							"origin": [-5.9, 8, -8],
							"size": [1, 1, 1],
							"uv": {
								"north": {"uv": [10, 7], "uv_size": [1, -1]},
								"east": {"uv": [10, 7], "uv_size": [1, -1]},
								"south": {"uv": [10, 7], "uv_size": [1, -1]},
								"west": {"uv": [10, 7], "uv_size": [1, -1]},
								"up": {"uv": [11, 6], "uv_size": [-1, 1]},
								"down": {"uv": [11, 6], "uv_size": [-1, 1]}
							}
						},
						{
							"origin": [-5.9, 9, -8],
							"size": [1, 1, 1],
							"uv": {
								"north": {"uv": [10, 8], "uv_size": [1, -1]},
								"east": {"uv": [10, 8], "uv_size": [1, -1]},
								"south": {"uv": [10, 8], "uv_size": [1, -1]},
								"west": {"uv": [10, 8], "uv_size": [1, -1]},
								"up": {"uv": [11, 7], "uv_size": [-1, 1]},
								"down": {"uv": [11, 7], "uv_size": [-1, 1]}
							}
						},
						{
							"origin": [-5.9, 8, -9],
							"size": [1, 1, 1],
							"uv": {
								"north": {"uv": [11, 7], "uv_size": [1, -1]},
								"east": {"uv": [11, 7], "uv_size": [1, -1]},
								"south": {"uv": [11, 7], "uv_size": [1, -1]},
								"west": {"uv": [11, 7], "uv_size": [1, -1]},
								"up": {"uv": [12, 6], "uv_size": [-1, 1]},
								"down": {"uv": [12, 6], "uv_size": [-1, 1]}
							}
						},
						{
							"origin": [-5.9, 9, -9],
							"size": [1, 1, 1],
							"uv": {
								"north": {"uv": [11, 8], "uv_size": [1, -1]},
								"east": {"uv": [11, 8], "uv_size": [1, -1]},
								"south": {"uv": [11, 8], "uv_size": [1, -1]},
								"west": {"uv": [11, 8], "uv_size": [1, -1]},
								"up": {"uv": [12, 7], "uv_size": [-1, 1]},
								"down": {"uv": [12, 7], "uv_size": [-1, 1]}
							}
						},
						{
							"origin": [-5.9, 8, -10],
							"size": [1, 1, 1],
							"uv": {
								"north": {"uv": [12, 7], "uv_size": [1, -1]},
								"east": {"uv": [12, 7], "uv_size": [1, -1]},
								"south": {"uv": [12, 7], "uv_size": [1, -1]},
								"west": {"uv": [12, 7], "uv_size": [1, -1]},
								"up": {"uv": [13, 6], "uv_size": [-1, 1]},
								"down": {"uv": [13, 6], "uv_size": [-1, 1]}
							}
						},
						{
							"origin": [-5.9, 6, -10],
							"size": [1, 1, 1],
							"uv": {
								"north": {"uv": [12, 5], "uv_size": [1, -1]},
								"east": {"uv": [12, 5], "uv_size": [1, -1]},
								"south": {"uv": [12, 5], "uv_size": [1, -1]},
								"west": {"uv": [12, 5], "uv_size": [1, -1]},
								"up": {"uv": [13, 4], "uv_size": [-1, 1]},
								"down": {"uv": [13, 4], "uv_size": [-1, 1]}
							}
						},
						{
							"origin": [-5.9, 5, -10],
							"size": [1, 1, 1],
							"uv": {
								"north": {"uv": [12, 4], "uv_size": [1, -1]},
								"east": {"uv": [12, 4], "uv_size": [1, -1]},
								"south": {"uv": [12, 4], "uv_size": [1, -1]},
								"west": {"uv": [12, 4], "uv_size": [1, -1]},
								"up": {"uv": [13, 3], "uv_size": [-1, 1]},
								"down": {"uv": [13, 3], "uv_size": [-1, 1]}
							}
						},
						{
							"origin": [-5.9, 6, -11],
							"size": [1, 1, 1],
							"uv": {
								"north": {"uv": [13, 5], "uv_size": [1, -1]},
								"east": {"uv": [13, 5], "uv_size": [1, -1]},
								"south": {"uv": [13, 5], "uv_size": [1, -1]},
								"west": {"uv": [13, 5], "uv_size": [1, -1]},
								"up": {"uv": [14, 4], "uv_size": [-1, 1]},
								"down": {"uv": [14, 4], "uv_size": [-1, 1]}
							}
						},
						{
							"origin": [-5.9, 7, -11],
							"size": [1, 1, 1],
							"uv": {
								"north": {"uv": [13, 6], "uv_size": [1, -1]},
								"east": {"uv": [13, 6], "uv_size": [1, -1]},
								"south": {"uv": [13, 6], "uv_size": [1, -1]},
								"west": {"uv": [13, 6], "uv_size": [1, -1]},
								"up": {"uv": [14, 5], "uv_size": [-1, 1]},
								"down": {"uv": [14, 5], "uv_size": [-1, 1]}
							}
						},
						{
							"origin": [-5.9, 6, -9],
							"size": [1, 1, 1],
							"uv": {
								"north": {"uv": [11, 5], "uv_size": [1, -1]},
								"east": {"uv": [11, 5], "uv_size": [1, -1]},
								"south": {"uv": [11, 5], "uv_size": [1, -1]},
								"west": {"uv": [11, 5], "uv_size": [1, -1]},
								"up": {"uv": [12, 4], "uv_size": [-1, 1]},
								"down": {"uv": [12, 4], "uv_size": [-1, 1]}
							}
						},
						{
							"origin": [-5.9, 7, -8],
							"size": [1, 1, 1],
							"uv": {
								"north": {"uv": [10, 6], "uv_size": [1, -1]},
								"east": {"uv": [10, 6], "uv_size": [1, -1]},
								"south": {"uv": [10, 6], "uv_size": [1, -1]},
								"west": {"uv": [10, 6], "uv_size": [1, -1]},
								"up": {"uv": [11, 5], "uv_size": [-1, 1]},
								"down": {"uv": [11, 5], "uv_size": [-1, 1]}
							}
						},
						{
							"origin": [-5.9, 7, -7],
							"size": [1, 1, 1],
							"uv": {
								"north": {"uv": [9, 6], "uv_size": [1, -1]},
								"east": {"uv": [9, 6], "uv_size": [1, -1]},
								"south": {"uv": [9, 6], "uv_size": [1, -1]},
								"west": {"uv": [9, 6], "uv_size": [1, -1]},
								"up": {"uv": [10, 5], "uv_size": [-1, 1]},
								"down": {"uv": [10, 5], "uv_size": [-1, 1]}
							}
						},
						{
							"origin": [-5.9, 7, -9],
							"size": [1, 1, 1],
							"uv": {
								"north": {"uv": [11, 6], "uv_size": [1, -1]},
								"east": {"uv": [11, 6], "uv_size": [1, -1]},
								"south": {"uv": [11, 6], "uv_size": [1, -1]},
								"west": {"uv": [11, 6], "uv_size": [1, -1]},
								"up": {"uv": [12, 5], "uv_size": [-1, 1]},
								"down": {"uv": [12, 5], "uv_size": [-1, 1]}
							}
						},
						{
							"origin": [-5.9, 7, -10],
							"size": [1, 1, 1],
							"uv": {
								"north": {"uv": [12, 6], "uv_size": [1, -1]},
								"east": {"uv": [12, 6], "uv_size": [1, -1]},
								"south": {"uv": [12, 6], "uv_size": [1, -1]},
								"west": {"uv": [12, 6], "uv_size": [1, -1]},
								"up": {"uv": [13, 5], "uv_size": [-1, 1]},
								"down": {"uv": [13, 5], "uv_size": [-1, 1]}
							}
						},
						{
							"origin": [-5.9, 5, -9],
							"size": [1, 1, 1],
							"uv": {
								"north": {"uv": [11, 4], "uv_size": [1, -1]},
								"east": {"uv": [11, 4], "uv_size": [1, -1]},
								"south": {"uv": [11, 4], "uv_size": [1, -1]},
								"west": {"uv": [11, 4], "uv_size": [1, -1]},
								"up": {"uv": [12, 3], "uv_size": [-1, 1]},
								"down": {"uv": [12, 3], "uv_size": [-1, 1]}
							}
						},
						{
							"origin": [-5.9, 6, -7],
							"size": [1, 1, 1],
							"uv": {
								"north": {"uv": [9, 5], "uv_size": [1, -1]},
								"east": {"uv": [9, 5], "uv_size": [1, -1]},
								"south": {"uv": [9, 5], "uv_size": [1, -1]},
								"west": {"uv": [9, 5], "uv_size": [1, -1]},
								"up": {"uv": [10, 4], "uv_size": [-1, 1]},
								"down": {"uv": [10, 4], "uv_size": [-1, 1]}
							}
						},
						{
							"origin": [-5.9, 7, -6],
							"size": [1, 1, 1],
							"uv": {
								"north": {"uv": [8, 6], "uv_size": [1, -1]},
								"east": {"uv": [8, 6], "uv_size": [1, -1]},
								"south": {"uv": [8, 6], "uv_size": [1, -1]},
								"west": {"uv": [8, 6], "uv_size": [1, -1]},
								"up": {"uv": [9, 5], "uv_size": [-1, 1]},
								"down": {"uv": [9, 5], "uv_size": [-1, 1]}
							}
						},
						{
							"origin": [-5.9, 6, -8],
							"size": [1, 1, 1],
							"uv": {
								"north": {"uv": [10, 5], "uv_size": [1, -1]},
								"east": {"uv": [10, 5], "uv_size": [1, -1]},
								"south": {"uv": [10, 5], "uv_size": [1, -1]},
								"west": {"uv": [10, 5], "uv_size": [1, -1]},
								"up": {"uv": [11, 4], "uv_size": [-1, 1]},
								"down": {"uv": [11, 4], "uv_size": [-1, 1]}
							}
						},
						{
							"origin": [-5.9, 5, -8],
							"size": [1, 1, 1],
							"uv": {
								"north": {"uv": [10, 4], "uv_size": [1, -1]},
								"east": {"uv": [10, 4], "uv_size": [1, -1]},
								"south": {"uv": [10, 4], "uv_size": [1, -1]},
								"west": {"uv": [10, 4], "uv_size": [1, -1]},
								"up": {"uv": [11, 3], "uv_size": [-1, 1]},
								"down": {"uv": [11, 3], "uv_size": [-1, 1]}
							}
						},
						{
							"origin": [-5.9, 4, -9],
							"size": [1, 1, 1],
							"uv": {
								"north": {"uv": [11, 3], "uv_size": [1, -1]},
								"east": {"uv": [11, 3], "uv_size": [1, -1]},
								"south": {"uv": [11, 3], "uv_size": [1, -1]},
								"west": {"uv": [11, 3], "uv_size": [1, -1]},
								"up": {"uv": [12, 2], "uv_size": [-1, 1]},
								"down": {"uv": [12, 2], "uv_size": [-1, 1]}
							}
						},
						{
							"origin": [-5.9, 4, -10],
							"size": [1, 1, 1],
							"uv": {
								"north": {"uv": [12, 3], "uv_size": [1, -1]},
								"east": {"uv": [12, 3], "uv_size": [1, -1]},
								"south": {"uv": [12, 3], "uv_size": [1, -1]},
								"west": {"uv": [12, 3], "uv_size": [1, -1]},
								"up": {"uv": [13, 2], "uv_size": [-1, 1]},
								"down": {"uv": [13, 2], "uv_size": [-1, 1]}
							}
						},
						{
							"origin": [-5.9, 4, -11],
							"size": [1, 1, 1],
							"uv": {
								"north": {"uv": [13, 3], "uv_size": [1, -1]},
								"east": {"uv": [13, 3], "uv_size": [1, -1]},
								"south": {"uv": [13, 3], "uv_size": [1, -1]},
								"west": {"uv": [13, 3], "uv_size": [1, -1]},
								"up": {"uv": [14, 2], "uv_size": [-1, 1]},
								"down": {"uv": [14, 2], "uv_size": [-1, 1]}
							}
						},
						{
							"origin": [-5.9, 5, -12],
							"size": [1, 1, 1],
							"uv": {
								"north": {"uv": [14, 4], "uv_size": [1, -1]},
								"east": {"uv": [14, 4], "uv_size": [1, -1]},
								"south": {"uv": [14, 4], "uv_size": [1, -1]},
								"west": {"uv": [14, 4], "uv_size": [1, -1]},
								"up": {"uv": [15, 3], "uv_size": [-1, 1]},
								"down": {"uv": [15, 3], "uv_size": [-1, 1]}
							}
						},
						{
							"origin": [-5.9, 5, -11],
							"size": [1, 1, 1],
							"uv": {
								"north": {"uv": [13, 4], "uv_size": [1, -1]},
								"east": {"uv": [13, 4], "uv_size": [1, -1]},
								"south": {"uv": [13, 4], "uv_size": [1, -1]},
								"west": {"uv": [13, 4], "uv_size": [1, -1]},
								"up": {"uv": [14, 3], "uv_size": [-1, 1]},
								"down": {"uv": [14, 3], "uv_size": [-1, 1]}
							}
						},
						{
							"origin": [-5.9, 6, -12],
							"size": [1, 1, 1],
							"uv": {
								"north": {"uv": [14, 5], "uv_size": [1, -1]},
								"east": {"uv": [14, 5], "uv_size": [1, -1]},
								"south": {"uv": [14, 5], "uv_size": [1, -1]},
								"west": {"uv": [14, 5], "uv_size": [1, -1]},
								"up": {"uv": [15, 4], "uv_size": [-1, 1]},
								"down": {"uv": [15, 4], "uv_size": [-1, 1]}
							}
						},
						{
							"origin": [-5.9, 7, -12],
							"size": [1, 1, 1],
							"uv": {
								"north": {"uv": [14, 6], "uv_size": [1, -1]},
								"east": {"uv": [14, 6], "uv_size": [1, -1]},
								"south": {"uv": [14, 6], "uv_size": [1, -1]},
								"west": {"uv": [14, 6], "uv_size": [1, -1]},
								"up": {"uv": [15, 5], "uv_size": [-1, 1]},
								"down": {"uv": [15, 5], "uv_size": [-1, 1]}
							}
						},
						{
							"origin": [-5.9, 8, -11],
							"size": [1, 1, 1],
							"uv": {
								"north": {"uv": [13, 7], "uv_size": [1, -1]},
								"east": {"uv": [13, 7], "uv_size": [1, -1]},
								"south": {"uv": [13, 7], "uv_size": [1, -1]},
								"west": {"uv": [13, 7], "uv_size": [1, -1]},
								"up": {"uv": [14, 6], "uv_size": [-1, 1]},
								"down": {"uv": [14, 6], "uv_size": [-1, 1]}
							}
						},
						{
							"origin": [-5.9, 9, -10],
							"size": [1, 1, 1],
							"uv": {
								"north": {"uv": [12, 8], "uv_size": [1, -1]},
								"east": {"uv": [12, 8], "uv_size": [1, -1]},
								"south": {"uv": [12, 8], "uv_size": [1, -1]},
								"west": {"uv": [12, 8], "uv_size": [1, -1]},
								"up": {"uv": [13, 7], "uv_size": [-1, 1]},
								"down": {"uv": [13, 7], "uv_size": [-1, 1]}
							}
						},
						{
							"origin": [-5.9, 10, -9],
							"size": [1, 1, 1],
							"uv": {
								"north": {"uv": [11, 9], "uv_size": [1, -1]},
								"east": {"uv": [11, 9], "uv_size": [1, -1]},
								"south": {"uv": [11, 9], "uv_size": [1, -1]},
								"west": {"uv": [11, 9], "uv_size": [1, -1]},
								"up": {"uv": [12, 8], "uv_size": [-1, 1]},
								"down": {"uv": [12, 8], "uv_size": [-1, 1]}
							}
						}
					]
				}
			]
		}
	]
}
