{
	"format_version": "1.12.0",
	"minecraft:geometry": [
		{
			"description": {
				"identifier": "geometry.sword",
				"texture_width": 16,
				"texture_height": 16,
				"visible_bounds_width": 4,
				"visible_bounds_height": 3.5,
				"visible_bounds_offset": [0, 1.25, 0]
			},
			"bones": [
        {
          "name": "root",
          "pivot": [ 0.0, 0.0, 0.0 ]
        },
        {
          "name": "body",
          "parent": "waist",
          "pivot": [ 0.0, 24.0, 0.0 ]
        },
        {
          "name": "waist",
          "parent": "root",
          "pivot": [ 0.0, 12.0, 0.0 ]
        },
        {
          "name": "head",
          "parent": "body",
          "pivot": [ 0.0, 24.0, 0.0 ]
        },
        {
          "name": "cape",
          "pivot": [ 0.0, 24, 3.0 ],
          "parent": "body"
        },
        {
          "name": "hat",
          "parent": "head",
          "pivot": [ 0.0, 24.0, 0.0 ]
        },
        {
          "name": "leftArm",
          "parent": "body",
          "pivot": [ 5.0, 22.0, 0.0 ]
        },
        {
          "name": "leftItem",
          "pivot": [ 6.0, 15.0, 1.0 ],
          "parent": "leftArm"
        },
        {
          "name": "rightArm",
          "parent": "body",
          "pivot": [ -5.0, 22.0, 0.0 ]
        },
        {
          "name": "leftLeg",
          "parent": "body",
          "pivot": [ 1.9, 12.0, 0.0 ]
        },
        {
          "name": "rightLeg",
          "parent": "body",
          "pivot": [ -1.9, 12.0, 0.0 ]
        },
        {
          "name": "jacket",
          "parent": "body"
        },
				 {
					"name": "rightitem",
        "parent": "rightarm",
					"pivot": [-5.9, 13, 0],
					"rotation": [37.5, 0, 0],
					"cubes": [
						{
							"origin": [-5.9, 9, 2],
							"size": [1, 1, 1],
							"uv": {
								"north": {"uv": [1, 15], "uv_size": [1, 1]},
								"east": {"uv": [1, 15], "uv_size": [1, 1]},
								"south": {"uv": [1, 15], "uv_size": [1, 1]},
								"west": {"uv": [1, 15], "uv_size": [1, 1]},
								"up": {"uv": [1, 15], "uv_size": [1, 1]},
								"down": {"uv": [1, 15], "uv_size": [1, 1]}
							}
						},
						{
							"origin": [-5.9, 9, 3],
							"size": [1, 1, 1],
							"uv": {
								"north": {"uv": [0, 15], "uv_size": [1, 1]},
								"east": {"uv": [0, 15], "uv_size": [1, 1]},
								"south": {"uv": [0, 15], "uv_size": [1, 1]},
								"west": {"uv": [0, 15], "uv_size": [1, 1]},
								"up": {"uv": [0, 15], "uv_size": [1, 1]},
								"down": {"uv": [0, 15], "uv_size": [1, 1]}
							}
						},
						{
							"origin": [-5.9, 9, 1],
							"size": [1, 1, 1],
							"uv": {
								"north": {"uv": [3, 15], "uv_size": [-1, 1]},
								"east": {"uv": [3, 15], "uv_size": [-1, 1]},
								"south": {"uv": [3, 15], "uv_size": [-1, 1]},
								"west": {"uv": [3, 15], "uv_size": [-1, 1]},
								"up": {"uv": [3, 15], "uv_size": [-1, 1]},
								"down": {"uv": [3, 15], "uv_size": [-1, 1]}
							}
						},
						{
							"origin": [-5.9, 10, 1],
							"size": [1, 1, 1],
							"uv": {
								"north": {"uv": [2, 14], "uv_size": [1, 1]},
								"east": {"uv": [2, 14], "uv_size": [1, 1]},
								"south": {"uv": [2, 14], "uv_size": [1, 1]},
								"west": {"uv": [2, 14], "uv_size": [1, 1]},
								"up": {"uv": [2, 14], "uv_size": [1, 1]},
								"down": {"uv": [2, 14], "uv_size": [1, 1]}
							}
						},
						{
							"origin": [-5.9, 10, 2],
							"size": [1, 1, 1],
							"uv": {
								"north": {"uv": [1, 14], "uv_size": [1, 1]},
								"east": {"uv": [1, 14], "uv_size": [1, 1]},
								"south": {"uv": [1, 14], "uv_size": [1, 1]},
								"west": {"uv": [1, 14], "uv_size": [1, 1]},
								"up": {"uv": [1, 14], "uv_size": [1, 1]},
								"down": {"uv": [1, 14], "uv_size": [1, 1]}
							}
						},
						{
							"origin": [-5.9, 10, 3],
							"size": [1, 1, 1],
							"uv": {
								"north": {"uv": [0, 14], "uv_size": [1, 1]},
								"east": {"uv": [0, 14], "uv_size": [1, 1]},
								"south": {"uv": [0, 14], "uv_size": [1, 1]},
								"west": {"uv": [0, 14], "uv_size": [1, 1]},
								"up": {"uv": [0, 14], "uv_size": [1, 1]},
								"down": {"uv": [0, 14], "uv_size": [1, 1]}
							}
						},
						{
							"origin": [-5.9, 11, 3],
							"size": [1, 1, 1],
							"uv": {
								"north": {"uv": [1, 14], "uv_size": [-1, -1]},
								"east": {"uv": [1, 14], "uv_size": [-1, -1]},
								"south": {"uv": [1, 14], "uv_size": [-1, -1]},
								"west": {"uv": [1, 14], "uv_size": [-1, -1]},
								"up": {"uv": [1, 14], "uv_size": [-1, -1]},
								"down": {"uv": [1, 14], "uv_size": [-1, -1]}
							}
						},
						{
							"origin": [-5.9, 11, 2],
							"size": [1, 1, 1],
							"uv": {
								"north": {"uv": [1, 13], "uv_size": [1, 1]},
								"east": {"uv": [1, 13], "uv_size": [1, 1]},
								"south": {"uv": [1, 13], "uv_size": [1, 1]},
								"west": {"uv": [1, 13], "uv_size": [1, 1]},
								"up": {"uv": [1, 13], "uv_size": [1, 1]},
								"down": {"uv": [1, 13], "uv_size": [1, 1]}
							}
						},
						{
							"origin": [-5.9, 11, 1],
							"size": [1, 1, 1],
							"uv": {
								"north": {"uv": [2, 13], "uv_size": [1, 1]},
								"east": {"uv": [2, 13], "uv_size": [1, 1]},
								"south": {"uv": [2, 13], "uv_size": [1, 1]},
								"west": {"uv": [2, 13], "uv_size": [1, 1]},
								"up": {"uv": [2, 13], "uv_size": [1, 1]},
								"down": {"uv": [2, 13], "uv_size": [1, 1]}
							}
						},
						{
							"origin": [-5.9, 12, 1],
							"size": [1, 1, 1],
							"uv": {
								"north": {"uv": [2, 12], "uv_size": [1, 1]},
								"east": {"uv": [2, 12], "uv_size": [1, 1]},
								"south": {"uv": [2, 12], "uv_size": [1, 1]},
								"west": {"uv": [2, 12], "uv_size": [1, 1]},
								"up": {"uv": [2, 12], "uv_size": [1, 1]},
								"down": {"uv": [2, 12], "uv_size": [1, 1]}
							}
						},
						{
							"origin": [-5.9, 12, 0],
							"size": [1, 1, 1],
							"uv": {
								"north": {"uv": [3, 12], "uv_size": [1, 1]},
								"east": {"uv": [3, 12], "uv_size": [1, 1]},
								"south": {"uv": [3, 12], "uv_size": [1, 1]},
								"west": {"uv": [3, 12], "uv_size": [1, 1]},
								"up": {"uv": [3, 12], "uv_size": [1, 1]},
								"down": {"uv": [3, 12], "uv_size": [1, 1]}
							}
						},
						{
							"origin": [-5.9, 11, 0],
							"size": [1, 1, 1],
							"uv": {
								"north": {"uv": [3, 13], "uv_size": [1, 1]},
								"east": {"uv": [3, 13], "uv_size": [1, 1]},
								"south": {"uv": [3, 13], "uv_size": [1, 1]},
								"west": {"uv": [3, 13], "uv_size": [1, 1]},
								"up": {"uv": [3, 13], "uv_size": [1, 1]},
								"down": {"uv": [3, 13], "uv_size": [1, 1]}
							}
						},
						{
							"origin": [-5.9, 12, -1],
							"size": [1, 1, 1],
							"uv": {
								"north": {"uv": [4, 12], "uv_size": [1, 1]},
								"east": {"uv": [4, 12], "uv_size": [1, 1]},
								"south": {"uv": [4, 12], "uv_size": [1, 1]},
								"west": {"uv": [4, 12], "uv_size": [1, 1]},
								"up": {"uv": [4, 12], "uv_size": [1, 1]},
								"down": {"uv": [4, 12], "uv_size": [1, 1]}
							}
						},
						{
							"origin": [-5.9, 13, 0],
							"size": [1, 1, 1],
							"uv": {
								"north": {"uv": [3, 11], "uv_size": [1, 1]},
								"east": {"uv": [3, 11], "uv_size": [1, 1]},
								"south": {"uv": [3, 11], "uv_size": [1, 1]},
								"west": {"uv": [3, 11], "uv_size": [1, 1]},
								"up": {"uv": [3, 11], "uv_size": [1, 1]},
								"down": {"uv": [3, 11], "uv_size": [1, 1]}
							}
						},
						{
							"origin": [-5.9, 13, -1],
							"size": [1, 1, 1],
							"uv": {
								"north": {"uv": [5, 11], "uv_size": [-1, 1]},
								"east": {"uv": [5, 11], "uv_size": [-1, 1]},
								"south": {"uv": [5, 11], "uv_size": [-1, 1]},
								"west": {"uv": [5, 11], "uv_size": [-1, 1]},
								"up": {"uv": [5, 11], "uv_size": [-1, 1]},
								"down": {"uv": [5, 11], "uv_size": [-1, 1]}
							}
						},
						{
							"origin": [-5.9, 14, -1],
							"size": [1, 1, 1],
							"uv": {
								"north": {"uv": [4, 10], "uv_size": [1, 1]},
								"east": {"uv": [4, 10], "uv_size": [1, 1]},
								"south": {"uv": [4, 10], "uv_size": [1, 1]},
								"west": {"uv": [4, 10], "uv_size": [1, 1]},
								"up": {"uv": [4, 10], "uv_size": [1, 1]},
								"down": {"uv": [4, 10], "uv_size": [1, 1]}
							}
						},
						{
							"origin": [-5.9, 13, -2],
							"size": [1, 1, 1],
							"uv": {
								"north": {"uv": [5, 11], "uv_size": [1, 1]},
								"east": {"uv": [5, 11], "uv_size": [1, 1]},
								"south": {"uv": [5, 11], "uv_size": [1, 1]},
								"west": {"uv": [5, 11], "uv_size": [1, 1]},
								"up": {"uv": [5, 11], "uv_size": [1, 1]},
								"down": {"uv": [5, 11], "uv_size": [1, 1]}
							}
						},
						{
							"origin": [-5.9, 12, -3],
							"size": [1, 1, 1],
							"uv": {
								"north": {"uv": [7, 12], "uv_size": [1, 1]},
								"east": {"uv": [7, 12], "uv_size": [1, 1]},
								"south": {"uv": [7, 12], "uv_size": [1, 1]},
								"west": {"uv": [7, 12], "uv_size": [1, 1]},
								"up": {"uv": [7, 12], "uv_size": [1, 1]},
								"down": {"uv": [7, 12], "uv_size": [1, 1]}
							}
						},
						{
							"origin": [-5.9, 12, -4],
							"size": [1, 1, 1],
							"uv": {
								"north": {"uv": [7, 12], "uv_size": [1, 1]},
								"east": {"uv": [7, 12], "uv_size": [1, 1]},
								"south": {"uv": [7, 12], "uv_size": [1, 1]},
								"west": {"uv": [7, 12], "uv_size": [1, 1]},
								"up": {"uv": [7, 12], "uv_size": [1, 1]},
								"down": {"uv": [7, 12], "uv_size": [1, 1]}
							}
						},
						{
							"origin": [-5.9, 15, 0],
							"size": [1, 1, 1],
							"uv": {
								"north": {"uv": [3, 9], "uv_size": [1, 1]},
								"east": {"uv": [3, 9], "uv_size": [1, 1]},
								"south": {"uv": [3, 9], "uv_size": [1, 1]},
								"west": {"uv": [3, 9], "uv_size": [1, 1]},
								"up": {"uv": [3, 9], "uv_size": [1, 1]},
								"down": {"uv": [3, 9], "uv_size": [1, 1]}
							}
						},
						{
							"origin": [-5.9, 16, 0],
							"size": [1, 1, 1],
							"uv": {
								"north": {"uv": [3, 8], "uv_size": [1, 1]},
								"east": {"uv": [3, 8], "uv_size": [1, 1]},
								"south": {"uv": [3, 8], "uv_size": [1, 1]},
								"west": {"uv": [3, 8], "uv_size": [1, 1]},
								"up": {"uv": [3, 8], "uv_size": [1, 1]},
								"down": {"uv": [3, 8], "uv_size": [1, 1]}
							}
						},
						{
							"origin": [-5.9, 17, 1],
							"size": [1, 1, 1],
							"uv": {
								"north": {"uv": [2, 7], "uv_size": [1, 1]},
								"east": {"uv": [2, 7], "uv_size": [1, 1]},
								"south": {"uv": [2, 7], "uv_size": [1, 1]},
								"west": {"uv": [2, 7], "uv_size": [1, 1]},
								"up": {"uv": [2, 7], "uv_size": [1, 1]},
								"down": {"uv": [2, 7], "uv_size": [1, 1]}
							}
						},
						{
							"origin": [-5.9, 18, 1],
							"size": [1, 1, 1],
							"uv": {
								"north": {"uv": [2, 7], "uv_size": [1, 1]},
								"east": {"uv": [2, 7], "uv_size": [1, 1]},
								"south": {"uv": [2, 7], "uv_size": [1, 1]},
								"west": {"uv": [2, 7], "uv_size": [1, 1]},
								"up": {"uv": [2, 7], "uv_size": [1, 1]},
								"down": {"uv": [2, 7], "uv_size": [1, 1]}
							}
						},
						{
							"origin": [-5.9, 18, 0],
							"size": [1, 1, 1],
							"uv": {
								"north": {"uv": [3, 6], "uv_size": [1, 1]},
								"east": {"uv": [3, 6], "uv_size": [1, 1]},
								"south": {"uv": [3, 6], "uv_size": [1, 1]},
								"west": {"uv": [3, 6], "uv_size": [1, 1]},
								"up": {"uv": [3, 6], "uv_size": [1, 1]},
								"down": {"uv": [3, 6], "uv_size": [1, 1]}
							}
						},
						{
							"origin": [-5.9, 17, -1],
							"size": [1, 1, 1],
							"uv": {
								"north": {"uv": [4, 7], "uv_size": [1, 1]},
								"east": {"uv": [4, 7], "uv_size": [1, 1]},
								"south": {"uv": [4, 7], "uv_size": [1, 1]},
								"west": {"uv": [4, 7], "uv_size": [1, 1]},
								"up": {"uv": [4, 7], "uv_size": [1, 1]},
								"down": {"uv": [4, 7], "uv_size": [1, 1]}
							}
						},
						{
							"origin": [-5.9, 16, -2],
							"size": [1, 1, 1],
							"uv": {
								"north": {"uv": [5, 8], "uv_size": [1, 1]},
								"east": {"uv": [5, 8], "uv_size": [1, 1]},
								"south": {"uv": [5, 8], "uv_size": [1, 1]},
								"west": {"uv": [5, 8], "uv_size": [1, 1]},
								"up": {"uv": [5, 8], "uv_size": [1, 1]},
								"down": {"uv": [5, 8], "uv_size": [1, 1]}
							}
						},
						{
							"origin": [-5.9, 15, -3],
							"size": [1, 1, 1],
							"uv": {
								"north": {"uv": [6, 10], "uv_size": [1, 1]},
								"east": {"uv": [6, 10], "uv_size": [1, 1]},
								"south": {"uv": [6, 10], "uv_size": [1, 1]},
								"west": {"uv": [6, 10], "uv_size": [1, 1]},
								"up": {"uv": [6, 10], "uv_size": [1, 1]},
								"down": {"uv": [6, 10], "uv_size": [1, 1]}
							}
						},
						{
							"origin": [-5.9, 14, -4],
							"size": [1, 1, 1],
							"uv": {
								"north": {"uv": [7, 10], "uv_size": [1, 1]},
								"east": {"uv": [7, 10], "uv_size": [1, 1]},
								"south": {"uv": [7, 10], "uv_size": [1, 1]},
								"west": {"uv": [7, 10], "uv_size": [1, 1]},
								"up": {"uv": [7, 10], "uv_size": [1, 1]},
								"down": {"uv": [7, 10], "uv_size": [1, 1]}
							}
						},
						{
							"origin": [-5.9, 11, -5],
							"size": [1, 1, 1],
							"uv": {
								"north": {"uv": [8, 13], "uv_size": [1, 1]},
								"east": {"uv": [8, 13], "uv_size": [1, 1]},
								"south": {"uv": [8, 13], "uv_size": [1, 1]},
								"west": {"uv": [8, 13], "uv_size": [1, 1]},
								"up": {"uv": [8, 13], "uv_size": [1, 1]},
								"down": {"uv": [8, 13], "uv_size": [1, 1]}
							}
						},
						{
							"origin": [-5.9, 11, -6],
							"size": [1, 1, 1],
							"uv": {
								"north": {"uv": [9, 13], "uv_size": [1, 1]},
								"east": {"uv": [9, 13], "uv_size": [1, 1]},
								"south": {"uv": [9, 13], "uv_size": [1, 1]},
								"west": {"uv": [9, 13], "uv_size": [1, 1]},
								"up": {"uv": [9, 13], "uv_size": [1, 1]},
								"down": {"uv": [9, 13], "uv_size": [1, 1]}
							}
						},
						{
							"origin": [-5.9, 12, -6],
							"size": [1, 1, 1],
							"uv": {
								"north": {"uv": [9, 12], "uv_size": [1, 1]},
								"east": {"uv": [9, 12], "uv_size": [1, 1]},
								"south": {"uv": [9, 12], "uv_size": [1, 1]},
								"west": {"uv": [9, 12], "uv_size": [1, 1]},
								"up": {"uv": [9, 12], "uv_size": [1, 1]},
								"down": {"uv": [9, 12], "uv_size": [1, 1]}
							}
						},
						{
							"origin": [-5.9, 13, -5],
							"size": [1, 1, 1],
							"uv": {
								"north": {"uv": [8, 11], "uv_size": [1, 1]},
								"east": {"uv": [8, 11], "uv_size": [1, 1]},
								"south": {"uv": [8, 11], "uv_size": [1, 1]},
								"west": {"uv": [8, 11], "uv_size": [1, 1]},
								"up": {"uv": [8, 11], "uv_size": [1, 1]},
								"down": {"uv": [8, 11], "uv_size": [1, 1]}
							}
						},
						{
							"origin": [-5.9, 15, -5],
							"size": [1, 1, 1],
							"uv": {
								"north": {"uv": [8, 9], "uv_size": [1, 1]},
								"east": {"uv": [8, 9], "uv_size": [1, 1]},
								"south": {"uv": [8, 9], "uv_size": [1, 1]},
								"west": {"uv": [8, 9], "uv_size": [1, 1]},
								"up": {"uv": [8, 9], "uv_size": [1, 1]},
								"down": {"uv": [8, 9], "uv_size": [1, 1]}
							}
						},
						{
							"origin": [-5.9, 16, -6],
							"size": [1, 1, 1],
							"uv": {
								"north": {"uv": [9, 8], "uv_size": [1, 1]},
								"east": {"uv": [9, 8], "uv_size": [1, 1]},
								"south": {"uv": [9, 8], "uv_size": [1, 1]},
								"west": {"uv": [9, 8], "uv_size": [1, 1]},
								"up": {"uv": [9, 8], "uv_size": [1, 1]},
								"down": {"uv": [9, 8], "uv_size": [1, 1]}
							}
						},
						{
							"origin": [-5.9, 17, -7],
							"size": [1, 1, 1],
							"uv": {
								"north": {"uv": [10, 7], "uv_size": [1, 1]},
								"east": {"uv": [10, 7], "uv_size": [1, 1]},
								"south": {"uv": [10, 7], "uv_size": [1, 1]},
								"west": {"uv": [10, 7], "uv_size": [1, 1]},
								"up": {"uv": [10, 7], "uv_size": [1, 1]},
								"down": {"uv": [10, 7], "uv_size": [1, 1]}
							}
						},
						{
							"origin": [-5.9, 18, -8],
							"size": [1, 1, 1],
							"uv": {
								"north": {"uv": [11, 6], "uv_size": [1, 1]},
								"east": {"uv": [11, 6], "uv_size": [1, 1]},
								"south": {"uv": [11, 6], "uv_size": [1, 1]},
								"west": {"uv": [11, 6], "uv_size": [1, 1]},
								"up": {"uv": [11, 6], "uv_size": [1, 1]},
								"down": {"uv": [11, 6], "uv_size": [1, 1]}
							}
						},
						{
							"origin": [-5.9, 19, -9],
							"size": [1, 1, 1],
							"uv": {
								"north": {"uv": [12, 5], "uv_size": [1, 1]},
								"east": {"uv": [12, 5], "uv_size": [1, 1]},
								"south": {"uv": [12, 5], "uv_size": [1, 1]},
								"west": {"uv": [12, 5], "uv_size": [1, 1]},
								"up": {"uv": [12, 5], "uv_size": [1, 1]},
								"down": {"uv": [12, 5], "uv_size": [1, 1]}
							}
						},
						{
							"origin": [-5.9, 20, -10],
							"size": [1, 1, 1],
							"uv": {
								"north": {"uv": [13, 4], "uv_size": [1, 1]},
								"east": {"uv": [13, 4], "uv_size": [1, 1]},
								"south": {"uv": [13, 4], "uv_size": [1, 1]},
								"west": {"uv": [13, 4], "uv_size": [1, 1]},
								"up": {"uv": [13, 4], "uv_size": [1, 1]},
								"down": {"uv": [13, 4], "uv_size": [1, 1]}
							}
						},
						{
							"origin": [-5.9, 21, -11],
							"size": [1, 1, 1],
							"uv": {
								"north": {"uv": [15, 3], "uv_size": [-1, 1]},
								"east": {"uv": [15, 3], "uv_size": [-1, 1]},
								"south": {"uv": [15, 3], "uv_size": [-1, 1]},
								"west": {"uv": [15, 3], "uv_size": [-1, 1]},
								"up": {"uv": [15, 3], "uv_size": [-1, 1]},
								"down": {"uv": [15, 3], "uv_size": [-1, 1]}
							}
						},
						{
							"origin": [-5.9, 22, -12],
							"size": [1, 1, 1],
							"uv": {
								"north": {"uv": [15, 2], "uv_size": [1, 1]},
								"east": {"uv": [15, 2], "uv_size": [1, 1]},
								"south": {"uv": [15, 2], "uv_size": [1, 1]},
								"west": {"uv": [15, 2], "uv_size": [1, 1]},
								"up": {"uv": [15, 2], "uv_size": [1, 1]},
								"down": {"uv": [15, 2], "uv_size": [1, 1]}
							}
						},
						{
							"origin": [-5.9, 23, -12],
							"size": [1, 1, 1],
							"uv": {
								"north": {"uv": [15, 1], "uv_size": [1, 1]},
								"east": {"uv": [15, 1], "uv_size": [1, 1]},
								"south": {"uv": [15, 1], "uv_size": [1, 1]},
								"west": {"uv": [15, 1], "uv_size": [1, 1]},
								"up": {"uv": [15, 1], "uv_size": [1, 1]},
								"down": {"uv": [15, 1], "uv_size": [1, 1]}
							}
						},
						{
							"origin": [-5.9, 24, -12],
							"size": [1, 1, 1],
							"uv": {
								"north": {"uv": [15, 0], "uv_size": [1, 1]},
								"east": {"uv": [15, 0], "uv_size": [1, 1]},
								"south": {"uv": [15, 0], "uv_size": [1, 1]},
								"west": {"uv": [15, 0], "uv_size": [1, 1]},
								"up": {"uv": [15, 0], "uv_size": [1, 1]},
								"down": {"uv": [15, 0], "uv_size": [1, 1]}
							}
						},
						{
							"origin": [-5.9, 24, -11],
							"size": [1, 1, 1],
							"uv": {
								"north": {"uv": [14, 0], "uv_size": [1, 1]},
								"east": {"uv": [14, 0], "uv_size": [1, 1]},
								"south": {"uv": [14, 0], "uv_size": [1, 1]},
								"west": {"uv": [14, 0], "uv_size": [1, 1]},
								"up": {"uv": [14, 0], "uv_size": [1, 1]},
								"down": {"uv": [14, 0], "uv_size": [1, 1]}
							}
						},
						{
							"origin": [-5.9, 24, -10],
							"size": [1, 1, 1],
							"uv": {
								"north": {"uv": [13, 0], "uv_size": [1, 1]},
								"east": {"uv": [13, 0], "uv_size": [1, 1]},
								"south": {"uv": [13, 0], "uv_size": [1, 1]},
								"west": {"uv": [13, 0], "uv_size": [1, 1]},
								"up": {"uv": [13, 0], "uv_size": [1, 1]},
								"down": {"uv": [13, 0], "uv_size": [1, 1]}
							}
						},
						{
							"origin": [-5.9, 23, -9],
							"size": [1, 1, 1],
							"uv": {
								"north": {"uv": [12, 1], "uv_size": [1, 1]},
								"east": {"uv": [12, 1], "uv_size": [1, 1]},
								"south": {"uv": [12, 1], "uv_size": [1, 1]},
								"west": {"uv": [12, 1], "uv_size": [1, 1]},
								"up": {"uv": [12, 1], "uv_size": [1, 1]},
								"down": {"uv": [12, 1], "uv_size": [1, 1]}
							}
						},
						{
							"origin": [-5.9, 22, -8],
							"size": [1, 1, 1],
							"uv": {
								"north": {"uv": [11, 2], "uv_size": [1, 1]},
								"east": {"uv": [11, 2], "uv_size": [1, 1]},
								"south": {"uv": [11, 2], "uv_size": [1, 1]},
								"west": {"uv": [11, 2], "uv_size": [1, 1]},
								"up": {"uv": [11, 2], "uv_size": [1, 1]},
								"down": {"uv": [11, 2], "uv_size": [1, 1]}
							}
						},
						{
							"origin": [-5.9, 21, -7],
							"size": [1, 1, 1],
							"uv": {
								"north": {"uv": [10, 3], "uv_size": [1, 1]},
								"east": {"uv": [10, 3], "uv_size": [1, 1]},
								"south": {"uv": [10, 3], "uv_size": [1, 1]},
								"west": {"uv": [10, 3], "uv_size": [1, 1]},
								"up": {"uv": [10, 3], "uv_size": [1, 1]},
								"down": {"uv": [10, 3], "uv_size": [1, 1]}
							}
						},
						{
							"origin": [-5.9, 20, -6],
							"size": [1, 1, 1],
							"uv": {
								"north": {"uv": [9, 4], "uv_size": [1, 1]},
								"east": {"uv": [9, 4], "uv_size": [1, 1]},
								"south": {"uv": [9, 4], "uv_size": [1, 1]},
								"west": {"uv": [9, 4], "uv_size": [1, 1]},
								"up": {"uv": [9, 4], "uv_size": [1, 1]},
								"down": {"uv": [9, 4], "uv_size": [1, 1]}
							}
						},
						{
							"origin": [-5.9, 19, -5],
							"size": [1, 1, 1],
							"uv": {
								"north": {"uv": [8, 5], "uv_size": [1, 1]},
								"east": {"uv": [8, 5], "uv_size": [1, 1]},
								"south": {"uv": [8, 5], "uv_size": [1, 1]},
								"west": {"uv": [8, 5], "uv_size": [1, 1]},
								"up": {"uv": [8, 5], "uv_size": [1, 1]},
								"down": {"uv": [8, 5], "uv_size": [1, 1]}
							}
						},
						{
							"origin": [-5.9, 18, -4],
							"size": [1, 1, 1],
							"uv": {
								"north": {"uv": [7, 6], "uv_size": [1, 1]},
								"east": {"uv": [7, 6], "uv_size": [1, 1]},
								"south": {"uv": [7, 6], "uv_size": [1, 1]},
								"west": {"uv": [7, 6], "uv_size": [1, 1]},
								"up": {"uv": [7, 6], "uv_size": [1, 1]},
								"down": {"uv": [7, 6], "uv_size": [1, 1]}
							}
						},
						{
							"origin": [-5.9, 17, -3],
							"size": [1, 1, 1],
							"uv": {
								"north": {"uv": [6, 7], "uv_size": [1, 1]},
								"east": {"uv": [6, 7], "uv_size": [1, 1]},
								"south": {"uv": [6, 7], "uv_size": [1, 1]},
								"west": {"uv": [6, 7], "uv_size": [1, 1]},
								"up": {"uv": [6, 7], "uv_size": [1, 1]},
								"down": {"uv": [6, 7], "uv_size": [1, 1]}
							}
						},
						{
							"origin": [-5.9, 17, 0],
							"size": [1, 1, 1],
							"uv": {
								"north": {"uv": [3, 7], "uv_size": [1, 1]},
								"east": {"uv": [3, 7], "uv_size": [1, 1]},
								"south": {"uv": [3, 7], "uv_size": [1, 1]},
								"west": {"uv": [3, 7], "uv_size": [1, 1]},
								"up": {"uv": [3, 7], "uv_size": [1, 1]},
								"down": {"uv": [3, 7], "uv_size": [1, 1]}
							}
						},
						{
							"origin": [-5.9, 16, -1],
							"size": [1, 1, 1],
							"uv": {
								"north": {"uv": [4, 8], "uv_size": [1, 1]},
								"east": {"uv": [4, 8], "uv_size": [1, 1]},
								"south": {"uv": [4, 8], "uv_size": [1, 1]},
								"west": {"uv": [4, 8], "uv_size": [1, 1]},
								"up": {"uv": [4, 8], "uv_size": [1, 1]},
								"down": {"uv": [4, 8], "uv_size": [1, 1]}
							}
						},
						{
							"origin": [-5.9, 15, -1],
							"size": [1, 1, 1],
							"uv": {
								"north": {"uv": [4, 9], "uv_size": [1, 1]},
								"east": {"uv": [4, 9], "uv_size": [1, 1]},
								"south": {"uv": [4, 9], "uv_size": [1, 1]},
								"west": {"uv": [4, 9], "uv_size": [1, 1]},
								"up": {"uv": [4, 9], "uv_size": [1, 1]},
								"down": {"uv": [4, 9], "uv_size": [1, 1]}
							}
						},
						{
							"origin": [-5.9, 15, -2],
							"size": [1, 1, 1],
							"uv": {
								"north": {"uv": [5, 9], "uv_size": [1, 1]},
								"east": {"uv": [5, 9], "uv_size": [1, 1]},
								"south": {"uv": [5, 9], "uv_size": [1, 1]},
								"west": {"uv": [5, 9], "uv_size": [1, 1]},
								"up": {"uv": [5, 9], "uv_size": [1, 1]},
								"down": {"uv": [5, 9], "uv_size": [1, 1]}
							}
						},
						{
							"origin": [-5.9, 14, -2],
							"size": [1, 1, 1],
							"uv": {
								"north": {"uv": [5, 10], "uv_size": [1, 1]},
								"east": {"uv": [5, 10], "uv_size": [1, 1]},
								"south": {"uv": [5, 10], "uv_size": [1, 1]},
								"west": {"uv": [5, 10], "uv_size": [1, 1]},
								"up": {"uv": [5, 10], "uv_size": [1, 1]},
								"down": {"uv": [5, 10], "uv_size": [1, 1]}
							}
						},
						{
							"origin": [-5.9, 14, -3],
							"size": [1, 1, 1],
							"uv": {
								"north": {"uv": [6, 10], "uv_size": [1, 1]},
								"east": {"uv": [6, 10], "uv_size": [1, 1]},
								"south": {"uv": [6, 10], "uv_size": [1, 1]},
								"west": {"uv": [6, 10], "uv_size": [1, 1]},
								"up": {"uv": [6, 10], "uv_size": [1, 1]},
								"down": {"uv": [6, 10], "uv_size": [1, 1]}
							}
						},
						{
							"origin": [-5.9, 13, -3],
							"size": [1, 1, 1],
							"uv": {
								"north": {"uv": [6, 11], "uv_size": [1, 1]},
								"east": {"uv": [6, 11], "uv_size": [1, 1]},
								"south": {"uv": [6, 11], "uv_size": [1, 1]},
								"west": {"uv": [6, 11], "uv_size": [1, 1]},
								"up": {"uv": [6, 11], "uv_size": [1, 1]},
								"down": {"uv": [6, 11], "uv_size": [1, 1]}
							}
						},
						{
							"origin": [-5.9, 13, -4],
							"size": [1, 1, 1],
							"uv": {
								"north": {"uv": [7, 11], "uv_size": [1, 1]},
								"east": {"uv": [7, 11], "uv_size": [1, 1]},
								"south": {"uv": [7, 11], "uv_size": [1, 1]},
								"west": {"uv": [7, 11], "uv_size": [1, 1]},
								"up": {"uv": [7, 11], "uv_size": [1, 1]},
								"down": {"uv": [7, 11], "uv_size": [1, 1]}
							}
						},
						{
							"origin": [-5.9, 12, -5],
							"size": [1, 1, 1],
							"uv": {
								"north": {"uv": [8, 12], "uv_size": [1, 1]},
								"east": {"uv": [8, 12], "uv_size": [1, 1]},
								"south": {"uv": [8, 12], "uv_size": [1, 1]},
								"west": {"uv": [8, 12], "uv_size": [1, 1]},
								"up": {"uv": [8, 12], "uv_size": [1, 1]},
								"down": {"uv": [8, 12], "uv_size": [1, 1]}
							}
						},
						{
							"origin": [-5.9, 15, -4],
							"size": [1, 1, 1],
							"uv": {
								"north": {"uv": [7, 9], "uv_size": [1, 1]},
								"east": {"uv": [7, 9], "uv_size": [1, 1]},
								"south": {"uv": [7, 9], "uv_size": [1, 1]},
								"west": {"uv": [7, 9], "uv_size": [1, 1]},
								"up": {"uv": [7, 9], "uv_size": [1, 1]},
								"down": {"uv": [7, 9], "uv_size": [1, 1]}
							}
						},
						{
							"origin": [-5.9, 16, -4],
							"size": [1, 1, 1],
							"uv": {
								"north": {"uv": [7, 8], "uv_size": [1, 1]},
								"east": {"uv": [7, 8], "uv_size": [1, 1]},
								"south": {"uv": [7, 8], "uv_size": [1, 1]},
								"west": {"uv": [7, 8], "uv_size": [1, 1]},
								"up": {"uv": [7, 8], "uv_size": [1, 1]},
								"down": {"uv": [7, 8], "uv_size": [1, 1]}
							}
						},
						{
							"origin": [-5.9, 16, -3],
							"size": [1, 1, 1],
							"uv": {
								"north": {"uv": [6, 8], "uv_size": [1, 1]},
								"east": {"uv": [6, 8], "uv_size": [1, 1]},
								"south": {"uv": [6, 8], "uv_size": [1, 1]},
								"west": {"uv": [6, 8], "uv_size": [1, 1]},
								"up": {"uv": [6, 8], "uv_size": [1, 1]},
								"down": {"uv": [6, 8], "uv_size": [1, 1]}
							}
						},
						{
							"origin": [-5.9, 17, -4],
							"size": [1, 1, 1],
							"uv": {
								"north": {"uv": [7, 7], "uv_size": [1, 1]},
								"east": {"uv": [7, 7], "uv_size": [1, 1]},
								"south": {"uv": [7, 7], "uv_size": [1, 1]},
								"west": {"uv": [7, 7], "uv_size": [1, 1]},
								"up": {"uv": [7, 7], "uv_size": [1, 1]},
								"down": {"uv": [7, 7], "uv_size": [1, 1]}
							}
						},
						{
							"origin": [-5.9, 17, -5],
							"size": [1, 1, 1],
							"uv": {
								"north": {"uv": [8, 7], "uv_size": [1, 1]},
								"east": {"uv": [8, 7], "uv_size": [1, 1]},
								"south": {"uv": [8, 7], "uv_size": [1, 1]},
								"west": {"uv": [8, 7], "uv_size": [1, 1]},
								"up": {"uv": [8, 7], "uv_size": [1, 1]},
								"down": {"uv": [8, 7], "uv_size": [1, 1]}
							}
						},
						{
							"origin": [-5.9, 16, -5],
							"size": [1, 1, 1],
							"uv": {
								"north": {"uv": [8, 8], "uv_size": [1, 1]},
								"east": {"uv": [8, 8], "uv_size": [1, 1]},
								"south": {"uv": [8, 8], "uv_size": [1, 1]},
								"west": {"uv": [8, 8], "uv_size": [1, 1]},
								"up": {"uv": [8, 8], "uv_size": [1, 1]},
								"down": {"uv": [8, 8], "uv_size": [1, 1]}
							}
						},
						{
							"origin": [-5.9, 17, -6],
							"size": [1, 1, 1],
							"uv": {
								"north": {"uv": [9, 7], "uv_size": [1, 1]},
								"east": {"uv": [9, 7], "uv_size": [1, 1]},
								"south": {"uv": [9, 7], "uv_size": [1, 1]},
								"west": {"uv": [9, 7], "uv_size": [1, 1]},
								"up": {"uv": [9, 7], "uv_size": [1, 1]},
								"down": {"uv": [9, 7], "uv_size": [1, 1]}
							}
						},
						{
							"origin": [-5.9, 18, -7],
							"size": [1, 1, 1],
							"uv": {
								"north": {"uv": [10, 6], "uv_size": [1, 1]},
								"east": {"uv": [10, 6], "uv_size": [1, 1]},
								"south": {"uv": [10, 6], "uv_size": [1, 1]},
								"west": {"uv": [10, 6], "uv_size": [1, 1]},
								"up": {"uv": [10, 6], "uv_size": [1, 1]},
								"down": {"uv": [10, 6], "uv_size": [1, 1]}
							}
						},
						{
							"origin": [-5.9, 19, -8],
							"size": [1, 1, 1],
							"uv": {
								"north": {"uv": [11, 5], "uv_size": [1, 1]},
								"east": {"uv": [11, 5], "uv_size": [1, 1]},
								"south": {"uv": [11, 5], "uv_size": [1, 1]},
								"west": {"uv": [11, 5], "uv_size": [1, 1]},
								"up": {"uv": [11, 5], "uv_size": [1, 1]},
								"down": {"uv": [11, 5], "uv_size": [1, 1]}
							}
						},
						{
							"origin": [-5.9, 19, -6],
							"size": [1, 1, 1],
							"uv": {
								"north": {"uv": [9, 5], "uv_size": [1, 1]},
								"east": {"uv": [9, 5], "uv_size": [1, 1]},
								"south": {"uv": [9, 5], "uv_size": [1, 1]},
								"west": {"uv": [9, 5], "uv_size": [1, 1]},
								"up": {"uv": [9, 5], "uv_size": [1, 1]},
								"down": {"uv": [9, 5], "uv_size": [1, 1]}
							}
						},
						{
							"origin": [-5.9, 19, -7],
							"size": [1, 1, 1],
							"uv": {
								"north": {"uv": [10, 5], "uv_size": [1, 1]},
								"east": {"uv": [10, 5], "uv_size": [1, 1]},
								"south": {"uv": [10, 5], "uv_size": [1, 1]},
								"west": {"uv": [10, 5], "uv_size": [1, 1]},
								"up": {"uv": [10, 5], "uv_size": [1, 1]},
								"down": {"uv": [10, 5], "uv_size": [1, 1]}
							}
						},
						{
							"origin": [-5.9, 18, -6],
							"size": [1, 1, 1],
							"uv": {
								"north": {"uv": [9, 6], "uv_size": [1, 1]},
								"east": {"uv": [9, 6], "uv_size": [1, 1]},
								"south": {"uv": [9, 6], "uv_size": [1, 1]},
								"west": {"uv": [9, 6], "uv_size": [1, 1]},
								"up": {"uv": [9, 6], "uv_size": [1, 1]},
								"down": {"uv": [9, 6], "uv_size": [1, 1]}
							}
						},
						{
							"origin": [-5.9, 18, -5],
							"size": [1, 1, 1],
							"uv": {
								"north": {"uv": [8, 6], "uv_size": [1, 1]},
								"east": {"uv": [8, 6], "uv_size": [1, 1]},
								"south": {"uv": [8, 6], "uv_size": [1, 1]},
								"west": {"uv": [8, 6], "uv_size": [1, 1]},
								"up": {"uv": [8, 6], "uv_size": [1, 1]},
								"down": {"uv": [8, 6], "uv_size": [1, 1]}
							}
						},
						{
							"origin": [-5.9, 20, -7],
							"size": [1, 1, 1],
							"uv": {
								"north": {"uv": [10, 4], "uv_size": [1, 1]},
								"east": {"uv": [10, 4], "uv_size": [1, 1]},
								"south": {"uv": [10, 4], "uv_size": [1, 1]},
								"west": {"uv": [10, 4], "uv_size": [1, 1]},
								"up": {"uv": [10, 4], "uv_size": [1, 1]},
								"down": {"uv": [10, 4], "uv_size": [1, 1]}
							}
						},
						{
							"origin": [-5.9, 20, -8],
							"size": [1, 1, 1],
							"uv": {
								"north": {"uv": [12, 4], "uv_size": [-1, 1]},
								"east": {"uv": [12, 4], "uv_size": [-1, 1]},
								"south": {"uv": [12, 4], "uv_size": [-1, 1]},
								"west": {"uv": [12, 4], "uv_size": [-1, 1]},
								"up": {"uv": [12, 4], "uv_size": [-1, 1]},
								"down": {"uv": [12, 4], "uv_size": [-1, 1]}
							}
						},
						{
							"origin": [-5.9, 20, -9],
							"size": [1, 1, 1],
							"uv": {
								"north": {"uv": [12, 4], "uv_size": [1, 1]},
								"east": {"uv": [12, 4], "uv_size": [1, 1]},
								"south": {"uv": [12, 4], "uv_size": [1, 1]},
								"west": {"uv": [12, 4], "uv_size": [1, 1]},
								"up": {"uv": [12, 4], "uv_size": [1, 1]},
								"down": {"uv": [12, 4], "uv_size": [1, 1]}
							}
						},
						{
							"origin": [-5.9, 21, -9],
							"size": [1, 1, 1],
							"uv": {
								"north": {"uv": [12, 3], "uv_size": [1, 1]},
								"east": {"uv": [12, 3], "uv_size": [1, 1]},
								"south": {"uv": [12, 3], "uv_size": [1, 1]},
								"west": {"uv": [12, 3], "uv_size": [1, 1]},
								"up": {"uv": [12, 3], "uv_size": [1, 1]},
								"down": {"uv": [12, 3], "uv_size": [1, 1]}
							}
						},
						{
							"origin": [-5.9, 21, -8],
							"size": [1, 1, 1],
							"uv": {
								"north": {"uv": [11, 3], "uv_size": [1, 1]},
								"east": {"uv": [11, 3], "uv_size": [1, 1]},
								"south": {"uv": [11, 3], "uv_size": [1, 1]},
								"west": {"uv": [11, 3], "uv_size": [1, 1]},
								"up": {"uv": [11, 3], "uv_size": [1, 1]},
								"down": {"uv": [11, 3], "uv_size": [1, 1]}
							}
						},
						{
							"origin": [-5.9, 21, -10],
							"size": [1, 1, 1],
							"uv": {
								"north": {"uv": [13, 3], "uv_size": [1, 1]},
								"east": {"uv": [13, 3], "uv_size": [1, 1]},
								"south": {"uv": [13, 3], "uv_size": [1, 1]},
								"west": {"uv": [13, 3], "uv_size": [1, 1]},
								"up": {"uv": [13, 3], "uv_size": [1, 1]},
								"down": {"uv": [13, 3], "uv_size": [1, 1]}
							}
						},
						{
							"origin": [-5.9, 22, -10],
							"size": [1, 1, 1],
							"uv": {
								"north": {"uv": [13, 2], "uv_size": [1, 1]},
								"east": {"uv": [13, 2], "uv_size": [1, 1]},
								"south": {"uv": [13, 2], "uv_size": [1, 1]},
								"west": {"uv": [13, 2], "uv_size": [1, 1]},
								"up": {"uv": [13, 2], "uv_size": [1, 1]},
								"down": {"uv": [13, 2], "uv_size": [1, 1]}
							}
						},
						{
							"origin": [-5.9, 22, -9],
							"size": [1, 1, 1],
							"uv": {
								"north": {"uv": [12, 2], "uv_size": [1, 1]},
								"east": {"uv": [12, 2], "uv_size": [1, 1]},
								"south": {"uv": [12, 2], "uv_size": [1, 1]},
								"west": {"uv": [12, 2], "uv_size": [1, 1]},
								"up": {"uv": [12, 2], "uv_size": [1, 1]},
								"down": {"uv": [12, 2], "uv_size": [1, 1]}
							}
						},
						{
							"origin": [-5.9, 22, -11],
							"size": [1, 1, 1],
							"uv": {
								"north": {"uv": [14, 2], "uv_size": [1, 1]},
								"east": {"uv": [14, 2], "uv_size": [1, 1]},
								"south": {"uv": [14, 2], "uv_size": [1, 1]},
								"west": {"uv": [14, 2], "uv_size": [1, 1]},
								"up": {"uv": [14, 2], "uv_size": [1, 1]},
								"down": {"uv": [14, 2], "uv_size": [1, 1]}
							}
						},
						{
							"origin": [-5.9, 23, -11],
							"size": [1, 1, 1],
							"uv": {
								"north": {"uv": [14, 1], "uv_size": [1, 1]},
								"east": {"uv": [14, 1], "uv_size": [1, 1]},
								"south": {"uv": [14, 1], "uv_size": [1, 1]},
								"west": {"uv": [14, 1], "uv_size": [1, 1]},
								"up": {"uv": [14, 1], "uv_size": [1, 1]},
								"down": {"uv": [14, 1], "uv_size": [1, 1]}
							}
						},
						{
							"origin": [-5.9, 23, -10],
							"size": [1, 1, 1],
							"uv": {
								"north": {"uv": [13, 1], "uv_size": [1, 1]},
								"east": {"uv": [13, 1], "uv_size": [1, 1]},
								"south": {"uv": [13, 1], "uv_size": [1, 1]},
								"west": {"uv": [13, 1], "uv_size": [1, 1]},
								"up": {"uv": [13, 1], "uv_size": [1, 1]},
								"down": {"uv": [13, 1], "uv_size": [1, 1]}
							}
						}
					]
				}
			]
		}
	]
}
