{
  "format_version": "1.16.100",
  "render_controllers": {
    "controller.render.blocks": {
      "geometry": "Geometry.blocks",
      "materials": [
        {
          "*": "material.default"
         } 
       ],
		  "arrays": {
        "textures": {
          "Array.brick_block": [
            "Texture.brick_block"
          ],
          "Array.cobblestone": [
            "Texture.cobblestone"
          ],
          "Array.dirt": [
            "Texture.dirt"
          ],
          "Array.coarse_dirt": [
            "Texture.coarse_dirt"
          ]
        }
      },

      "textures": [
        "query.get_equipped_item_name == 'brick_block' ? Array.brick_block[query.life_time * 1] : (query.get_equipped_item_name == 'cobblestone' ? Array.cobblestone[query.life_time * 1] : (query.get_equipped_item_name == 'dirt' ? Array.dirt[query.life_time * 1] : (query.get_equipped_item_name == 'coarse_dirt' ? Array.coarse_dirt[query.life_time * 1] : Texture.none)))"
      ],
      "part_visibility": [
        { "*": "query.get_equipped_item_name == 'cobblestone' || query.get_equipped_item_name == 'brick_block' || query.get_equipped_item_name == 'dirt' || query.get_equipped_item_name == 'coarse_dirt'" }
      ],
      "is_hurt_color": {
        "r": "0",
        "g": "0",
        "b": "0",
        "a": "0"
      },
      "on_fire_color": {
        "r": "0",
        "g": "0",
        "b": "0",
        "a": "0"
      }
    }
  }
}
