{
  "format_version": "1.16.100",
  "render_controllers": {
    "controller.render.item.axe": {
      "geometry": "Geometry.axe",
      "materials": [
        {
          "*": "material.default"
         } 
       ],

      "textures": [
        "query.get_equipped_item_name == 'netherite_axe' ? Array.netherite_axe[query.life_time * 1] : (query.get_equipped_item_name == 'diamond_axe' ? Array.diamond_axe[query.life_time * 1] : (query.get_equipped_item_name == 'iron_axe' ? Array.iron_axe[query.life_time * 1] : (query.get_equipped_item_name == 'golden_axe' ? Array.gold_axe[query.life_time * 1] : (query.get_equipped_item_name == 'stone_axe' ? Array.stone_axe[query.life_time * 1] : (query.get_equipped_item_name == 'wooden_axe' ? Array.wood_axe[query.life_time * 1] : Texture.none)))))"
      ],

      "part_visibility": [
        { "*": "query.get_equipped_item_name == 'netherite_axe' || query.get_equipped_item_name == 'diamond_axe' || query.get_equipped_item_name == 'golden_axe' || query.get_equipped_item_name == 'iron_axe' || query.get_equipped_item_name == 'stone_axe' || query.get_equipped_item_name == 'wooden_axe'" }
      ],

      "is_hurt_color": {
        "r": "0",
        "g": "0",
        "b": "0",
        "a": "0"
      },
      "on_fire_color": {
        "r": "0",
        "g": "0",
        "b": "0",
        "a": "0"
      },
		  "arrays": {
        "textures": {
          "Array.netherite_axe": [
            "Texture.netherite_axe"
          ],
          "Array.diamond_axe": [
            "Texture.diamond_axe"
          ],
          "Array.iron_axe": [
            "Texture.iron_axe"
          ],
          "Array.gold_axe": [
            "Texture.gold_axe" 
          ],
          "Array.stone_axe": [ 
            "Texture.stone_axe" 
          ],
          "Array.wood_axe": [ 
            "Texture.wood_axe" 
          ]
        }
      }
    }
  }
}
