{
  "format_version": "1.16.100",
  "render_controllers": {
    "controller.render.item.hoe": {
      "geometry": "Geometry.hoe",
      "materials": [
        {
          "*": "material.default"
         } 
       ],

      "textures": [
        "query.get_equipped_item_name == 'netherite_hoe' ? Array.netherite_hoe[query.life_time * 1] : (query.get_equipped_item_name == 'diamond_hoe' ? Array.diamond_hoe[query.life_time * 1] : (query.get_equipped_item_name == 'iron_hoe' ? Array.iron_hoe[query.life_time * 1] : (query.get_equipped_item_name == 'golden_hoe' ? Array.gold_hoe[query.life_time * 1] : (query.get_equipped_item_name == 'stone_hoe' ? Array.stone_hoe[query.life_time * 1] : (query.get_equipped_item_name == 'wooden_hoe' ? Array.wood_hoe[query.life_time * 1] : Texture.none)))))"
      ],

      "part_visibility": [
        { "*": "query.get_equipped_item_name == 'netherite_hoe' || query.get_equipped_item_name == 'diamond_hoe' || query.get_equipped_item_name == 'golden_hoe' || query.get_equipped_item_name == 'iron_hoe' || query.get_equipped_item_name == 'stone_hoe' || query.get_equipped_item_name == 'wooden_hoe'" }
      ],

      "is_hurt_color": {
        "r": "0",
        "g": "0",
        "b": "0",
        "a": "0"
      },
      "on_fire_color": {
        "r": "0",
        "g": "0",
        "b": "0",
        "a": "0"
      },
		  "arrays": {
        "textures": {
          "Array.netherite_hoe": [
            "Texture.netherite_hoe"
          ],
          "Array.diamond_hoe": [
            "Texture.diamond_hoe"
          ],
          "Array.iron_hoe": [
            "Texture.iron_hoe"
          ],
          "Array.gold_hoe": [
            "Texture.gold_hoe" 
          ],
          "Array.stone_hoe": [ 
            "Texture.stone_hoe" 
          ],
          "Array.wood_hoe": [ 
            "Texture.wood_hoe" 
          ]
        }
      }
    }
  }
}
