{
  "format_version": "1.16.100",
  "render_controllers": {
    "controller.render.item.pickaxe": {
      "geometry": "Geometry.pickaxe",
      "materials": [
        {
          "*": "material.default"
         } 
       ],

      "textures": [
        "query.get_equipped_item_name == 'netherite_pickaxe' ? Array.netherite_pickaxe[query.life_time * 1] : (query.get_equipped_item_name == 'diamond_pickaxe' ? Array.diamond_pickaxe[query.life_time * 1] : (query.get_equipped_item_name == 'iron_pickaxe' ? Array.iron_pickaxe[query.life_time * 1] : (query.get_equipped_item_name == 'golden_pickaxe' ? Array.gold_pickaxe[query.life_time * 1] : (query.get_equipped_item_name == 'stone_pickaxe' ? Array.stone_pickaxe[query.life_time * 1] : (query.get_equipped_item_name == 'wooden_pickaxe' ? Array.wood_pickaxe[query.life_time * 1] : Texture.none)))))"
      ],

      "part_visibility": [
        { "*": "query.get_equipped_item_name == 'netherite_pickaxe' || query.get_equipped_item_name == 'diamond_pickaxe' || query.get_equipped_item_name == 'golden_pickaxe' || query.get_equipped_item_name == 'iron_pickaxe' || query.get_equipped_item_name == 'stone_pickaxe' || query.get_equipped_item_name == 'wooden_pickaxe'" }
      ],

      "is_hurt_color": {
        "r": "0",
        "g": "0",
        "b": "0",
        "a": "0"
      },
      "on_fire_color": {
        "r": "0",
        "g": "0",
        "b": "0",
        "a": "0"
      },
		  "arrays": {
        "textures": {
          "Array.netherite_pickaxe": [
            "Texture.netherite_pickaxe"
          ],
          "Array.diamond_pickaxe": [
            "Texture.diamond_pickaxe"
          ],
          "Array.iron_pickaxe": [
            "Texture.iron_pickaxe"
          ],
          "Array.gold_pickaxe": [
            "Texture.gold_pickaxe" 
          ],
          "Array.stone_pickaxe": [ 
            "Texture.stone_pickaxe" 
          ],
          "Array.wood_pickaxe": [ 
            "Texture.wood_pickaxe" 
          ]
        }
      }
    }
  }
}
