{
  "format_version": "1.16.100",
  "render_controllers": {
    "controller.render.item.shovel": {
      "geometry": "Geometry.shovel",
      "materials": [
        {
          "*": "material.default"
         } 
       ],

      "textures": [
        "query.get_equipped_item_name == 'netherite_shovel' ? Array.netherite_shovel[query.life_time * 1] : (query.get_equipped_item_name == 'diamond_shovel' ? Array.diamond_shovel[query.life_time * 1] : (query.get_equipped_item_name == 'iron_shovel' ? Array.iron_shovel[query.life_time * 1] : (query.get_equipped_item_name == 'golden_shovel' ? Array.gold_shovel[query.life_time * 1] : (query.get_equipped_item_name == 'stone_shovel' ? Array.stone_shovel[query.life_time * 1] : (query.get_equipped_item_name == 'wooden_shovel' ? Array.wood_shovel[query.life_time * 1] : Texture.none)))))"
      ],

      "part_visibility": [
        { "*": "query.get_equipped_item_name == 'netherite_shovel' || query.get_equipped_item_name == 'diamond_shovel' || query.get_equipped_item_name == 'golden_shovel' || query.get_equipped_item_name == 'iron_shovel' || query.get_equipped_item_name == 'stone_shovel' || query.get_equipped_item_name == 'wooden_shovel'" }
      ],

      "is_hurt_color": {
        "r": "0",
        "g": "0",
        "b": "0",
        "a": "0"
      },
      "on_fire_color": {
        "r": "0",
        "g": "0",
        "b": "0",
        "a": "0"
      },
		  "arrays": {
        "textures": {
          "Array.netherite_shovel": [
            "Texture.netherite_shovel"
          ],
          "Array.diamond_shovel": [
            "Texture.diamond_shovel"
          ],
          "Array.iron_shovel": [
            "Texture.iron_shovel"
          ],
          "Array.gold_shovel": [
            "Texture.gold_shovel" 
          ],
          "Array.stone_shovel": [ 
            "Texture.stone_shovel" 
          ],
          "Array.wood_shovel": [ 
            "Texture.wood_shovel" 
          ]
        }
      }
    }
  }
}
