{
  "format_version": "1.16.100",
  "render_controllers": {
    "controller.render.item.sword": {
      "geometry": "Geometry.sword",
      "materials": [
        {
          "*": "material.default"
         } 
       ],

      "textures": [
        "query.get_equipped_item_name == 'netherite_sword' ? Array.netherite_sword[query.life_time * 1] : (query.get_equipped_item_name == 'diamond_sword' ? Array.diamond_sword[query.life_time * 1] : (query.get_equipped_item_name == 'iron_sword' ? Array.iron_sword[query.life_time * 1] : (query.get_equipped_item_name == 'golden_sword' ? Array.gold_sword[query.life_time * 1] : (query.get_equipped_item_name == 'stone_sword' ? Array.stone_sword[query.life_time * 1] : (query.get_equipped_item_name == 'wooden_sword' ? Array.wood_sword[query.life_time * 1] : Texture.none)))))"
      ],

      "part_visibility": [
        { "*": "query.get_equipped_item_name == 'netherite_sword' || query.get_equipped_item_name == 'diamond_sword' || query.get_equipped_item_name == 'golden_sword' || query.get_equipped_item_name == 'iron_sword' || query.get_equipped_item_name == 'stone_sword' || query.get_equipped_item_name == 'wooden_sword'" }
      ],

      "is_hurt_color": {
        "r": "0",
        "g": "0",
        "b": "0",
        "a": "0"
      },
      "on_fire_color": {
        "r": "0",
        "g": "0",
        "b": "0",
        "a": "0"
      },
		  "arrays": {
        "textures": {
          "Array.netherite_sword": [
            "Texture.netherite_sword"
          ],
          "Array.diamond_sword": [
            "Texture.diamond_sword"
          ],
          "Array.iron_sword": [
            "Texture.iron_sword"
          ],
          "Array.gold_sword": [
            "Texture.gold_sword" 
          ],
          "Array.stone_sword": [ 
            "Texture.stone_sword" 
          ],
          "Array.wood_sword": [ 
            "Texture.wood_sword" 
          ]
        }
      }
    }
  }
}
